Ngành,Chỉ số,2021,2022,2023,2024
Hàng cá nhân,Chu kỳ tiền,127.1891468738,159.8470736793,204.3132359655,222.3655843347
Hàng cá nhân,Tăng trưởng lợi nhuận (%),0.12712759336439347,0.0389184025293671,-0.2939459155264269,0.66267195619889
Hàng cá nhân,Lợi nhuận sau thuế của Cổ đông công ty mẹ,32197724741.0,33450808753.0,23618080149.0,39269119523.0
Hàng cá nhân,Tăng trưởng doanh thu (%),-0.09034250615704315,0.08938099092815832,-0.033734581504974756,0.0024390579122161465
Hàng cá nhân,Doanh thu,763842251412.0,832115228756.0,804044169750.0,806005280044.0
Hàng cá nhân,Vốn hóa,383479595000.0,366200555000.0,448297685000.0,403937685000.0
Hàng cá nhân,EPS (VND),1676.3667514975125,1741.6082675191403,1229.6696308348323,2044.5372105785175
Hàng cá nhân,P/E,17.9658145493,11.2471550579,12.3113853022,17.3676773753
Hàng cá nhân,P/B,1.353466692,1.6360283867,1.9442441862,1.8903471362
Hàng cá nhân,P/S,0.8642119737,1.269007509,2.6446159774,2.7107159052
Hàng cá nhân,P/Cash Flow,14.3708800348,1.7851364854,-9.6496111936,4.2565622761
Hàng cá nhân,Số CP lưu hành,19206850.0,19206850.0,19206850.0,19206850.0
Hàng cá nhân,EV/EBITDA,-6.8228731548,15.0040693637,6.3236669476,18.3867541583
Hàng cá nhân,BVPS (VND),14751.5801356808,11653.9196290907,12004.9275251278,11125.4263687695
Hàng cá nhân,Chỉ số thanh toán tiền mặt,0.1967953804,0.1232971279,0.1253203677,0.2415083533
Hàng cá nhân,Nợ/VCSH,1.26220739,1.2845655472,1.0530425524,1.0948124745
Hàng cá nhân,ROE (%),-0.0320686186,0.0918774714,0.1256810764,0.101943522
Hàng cá nhân,ROA (%),-0.0089178361,-0.0582808602,-0.1045189606,-0.4369227871
Hàng cá nhân,Số ngày thu tiền bình quân,73.787602385,122.8572614484,167.9985470142,183.6046087944
Hàng cá nhân,Số ngày tồn kho bình quân,131.8809055407,111.1482764777,107.9595096865,119.3522094713
Hàng cá nhân,Chỉ số thanh toán nhanh,0.5837188053,0.5777207325,0.5965465941,0.5996473347
Hàng cá nhân,Số ngày thanh toán bình quân,78.4793610519,74.1584642468,71.6448207352,80.591233931
Hàng cá nhân,Biên lợi nhuận gộp (%),0.1167339693,0.229992858,0.2699719203,0.2608424248
Hàng cá nhân,Biên EBIT (%),-0.0229659146,-0.0313547783,-0.0557774634,-0.3610291831
Hàng cá nhân,Biên lợi nhuận ròng (%),-0.0262979823,-0.0454457655,-0.0807163965,-0.3769938571
Hàng cá nhân,Chỉ số thanh toán hiện thời,1.1601249323,1.0466880033,1.0709436441,1.0609685065
Hàng cá nhân,Quay vòng tài sản,1.1215511713,1.2126356619,1.2490872628,1.2423420434
Hàng cá nhân,(Vay NH + DH)/VCSH,0.4769579133,0.3678116797,0.3008621999,0.2861018664
Hàng cá nhân,ROIC (%),0.1967953804,0.1232971279,0.1253203677,0.2415083533
Hàng cá nhân,Vòng quay TSCĐ,5.231812,4.507813,4.889611,5.183277
Khai khoáng,Chu kỳ tiền,33.3476771022,33.8260594084,97.2579070429,50.0680539486
Khai khoáng,Tăng trưởng lợi nhuận (%),0.5066974236373731,1.4452357216753058,0.14809327379255907,-0.5250585299860828
Khai khoáng,Lợi nhuận sau thuế của Cổ đông công ty mẹ,641556290374.0,1568756358688.0,1801078623629.0,855406929117.0
Khai khoáng,Tăng trưởng doanh thu (%),0.07340000034816263,0.6203548476519696,0.21575720790053063,-0.004079373892507621
Khai khoáng,Doanh thu,55646909256803.0,90167739171110.0,109622078817372.0,109174889371002.0
Khai khoáng,Vốn hóa,5321700029940.0,5600646213661.0,8205297567327.0,6181926165900.0
Khai khoáng,EPS (VND),2083.871940300693,3579.4837375352126,3263.336144219869,1745.8064571922835
Khai khoáng,P/E,8.7063155863,3.7648362916,5.4375246495,7.7868531708
Khai khoáng,P/B,1.2798682406,0.8426625969,0.9447905766,0.779062593
Khai khoáng,P/S,0.1513359407,0.0946405912,0.9302985189,0.1234258186
Khai khoáng,P/Cash Flow,1.7711553437,2.3725164426,2.9773848951,6.5089411841
Khai khoáng,Số CP lưu hành,307867426.0,438263301.0,551913301.0,489978099.0
Khai khoáng,EV/EBITDA,4.1715047152,14.4005316384,21.9385740262,22.0389124882
Khai khoáng,BVPS (VND),13505.8333884729,15186.8549135466,15752.8047179388,16213.751859701
Khai khoáng,Chỉ số thanh toán tiền mặt,0.0085127463,0.0275331478,0.0442648619,0.053138187
Khai khoáng,Nợ/VCSH,4.0788150936,2.8813795488,2.4015173956,2.3296585507
Khai khoáng,ROE (%),0.1475541317,0.3278198242,0.2226941678,0.1241354171
Khai khoáng,ROA (%),0.0275565068,0.1034349942,0.0604481166,0.0372001518
Khai khoáng,Số ngày thu tiền bình quân,32.0710713243,41.9159639599,64.8014962796,62.7370118299
Khai khoáng,Số ngày tồn kho bình quân,44.911238783,24.1693380418,62.1591360752,18.5813787787
Khai khoáng,Chỉ số thanh toán nhanh,0.4080972153,0.6886289367,0.897619054,0.7603112857
Khai khoáng,Số ngày thanh toán bình quân,43.6346330051,32.2592425933,29.7027253119,31.25033666
Khai khoáng,Biên lợi nhuận gộp (%),0.0849474889,0.0597875033,0.0884138129,0.0476968366
Khai khoáng,Biên EBIT (%),0.0409382493,0.031939063,0.0394725291,0.0179576191
Khai khoáng,Biên lợi nhuận ròng (%),0.0146775784,0.0184525072,0.0252450595,0.0105707691
Khai khoáng,Chỉ số thanh toán hiện thời,0.7775403236,1.1285736554,1.2898921387,1.2151856975
Khai khoáng,Quay vòng tài sản,2.1371715061,5.0216467594,3.9450524812,4.6379618495
Khai khoáng,(Vay NH + DH)/VCSH,2.4200243735,1.4140057378,1.3398367555,1.2597946211
Khai khoáng,ROIC (%),0.0085127463,0.0275331478,0.0442648619,0.053138187
Khai khoáng,Vòng quay TSCĐ,732.2169,26075.13,135.6741,221.999
Dịch vụ tài chính,Chu kỳ tiền,-24.9874654609,-24.0833975709,-40.6035834724,-34.2143063872
Dịch vụ tài chính,Tăng trưởng lợi nhuận (%),1.7010182465952426,-0.6882567189007631,1.048178544008795,0.14193491981921766
Dịch vụ tài chính,Lợi nhuận sau thuế của Cổ đông công ty mẹ,16923758239962.0,5275867922256.0,10805919479389.0,12339656794269.0
Dịch vụ tài chính,Tăng trưởng doanh thu (%),1.0748639064377647,-0.08998227835617068,-0.02502463030975057,0.10386257040415366
Dịch vụ tài chính,Doanh thu,44726318756520.0,40701742692324.0,39683196628486.0,43804795432174.0
Dịch vụ tài chính,Vốn hóa,216939163058716.0,131988219880347.0,253601118305190.0,251916552471541.0
Dịch vụ tài chính,EPS (VND),2497.6308683054267,626.4259877647386,1148.2523591428817,1023.9652727303679
Dịch vụ tài chính,P/E,13.0790054932,20.3200990935,24.2784886323,20.7004120854
Dịch vụ tài chính,P/B,2.4883344788,1.1764653457,2.0758501425,1.6194686783
Dịch vụ tài chính,P/S,6.0101197259,4.4573048038,8.2156934192,7.1260721827
Dịch vụ tài chính,P/Cash Flow,-4.9614544914,1.2280331575,-179.3532977034,-1.0796413784
Dịch vụ tài chính,Số CP lưu hành,6775924519.0,8422172811.0,9410753127.0,12050854773.0
Dịch vụ tài chính,EV/EBITDA,16.3254322142,13.7501944513,19.5599198885,19.8416299043
Dịch vụ tài chính,BVPS (VND),12600.5182244057,13340.4716062217,13001.1989587941,12924.9643183894
Dịch vụ tài chính,Chỉ số thanh toán tiền mặt,1.6512210708,3.6830075215,3.838211813,1.7505204603
Dịch vụ tài chính,Nợ/VCSH,1.850110315,1.1043433804,1.3528631363,1.3520394282
Dịch vụ tài chính,ROE (%),0.2578671049,0.0778952404,0.0937958444,0.093839337
Dịch vụ tài chính,ROA (%),0.1089674816,0.0303683741,0.0455741831,0.0404149641
Dịch vụ tài chính,Số ngày thu tiền bình quân,0.0,0.0,0.0,0.0
Dịch vụ tài chính,Số ngày tồn kho bình quân,0.0,0.0,0.0,0.0
Dịch vụ tài chính,Chỉ số thanh toán nhanh,4.2742339575,6.1362029273,7.295219217,3.3781767172
Dịch vụ tài chính,Số ngày thanh toán bình quân,24.9874654609,24.0833975709,40.6035834724,34.2143063872
Dịch vụ tài chính,Biên lợi nhuận gộp (%),0.6128135391,0.4565050975,0.6051008827,0.5517641592
Dịch vụ tài chính,Biên EBIT (%),0.5440806129,0.3782941284,0.5115243605,0.4535230697
Dịch vụ tài chính,Biên lợi nhuận ròng (%),0.3995221699,0.1937915113,0.2986812909,0.2708973581
Dịch vụ tài chính,Chỉ số thanh toán hiện thời,4.2742339575,6.1362029273,7.295219217,3.3781767172
Dịch vụ tài chính,Quay vòng tài sản,0.2678602098,0.1706662825,0.1546749697,0.1389877734
Dịch vụ tài chính,(Vay NH + DH)/VCSH,1.3619951829,0.9628290846,1.2310595656,1.2597656562
Dịch vụ tài chính,ROIC (%),1.6512210708,3.6830075215,3.838211813,1.7505204603
Dịch vụ tài chính,Vòng quay TSCĐ,179.9539,78.32008,54.38651,54.4847
Bất động sản,Chu kỳ tiền,3494.5736774665,2369.8558740077,5125.742823537,1203.1234846447
Bất động sản,Tăng trưởng lợi nhuận (%),0.09159359557059488,-0.03858240173790992,-0.025808271909434497,0.001949928638215378
Bất động sản,Lợi nhuận sau thuế của Cổ đông công ty mẹ,61616388841629.0,59239080573702.0,57710222274591.0,57822753089722.0
Bất động sản,Tăng trưởng doanh thu (%),0.12906910287734824,-0.17710084195469114,0.27887132302786655,0.10404656753203456
Bất động sản,Doanh thu,356999627166342.0,293774692617672.0,375700029820067.0,414790328344528.0
Bất động sản,Vốn hóa,1578705588378188.0,881291171642823.0,927825963529440.0,964321196866936.0
Bất động sản,EPS (VND),2237.678438553779,2002.720497235814,1851.4665854673055,1805.3205483545419
Bất động sản,P/E,25.7031868639,15.6372283397,16.1897539162,16.8958591127
Bất động sản,P/B,3.1346681366,1.5789127478,1.4702983446,1.3918663671
Bất động sản,P/S,9.0436352742,5.9437688678,7.6936253065,24.0535406877
Bất động sản,P/Cash Flow,14.4306337011,513.3404214259,17.4874418592,4.1602295713
Bất động sản,Số CP lưu hành,27535854920.0,29579305078.0,31170004756.0,32029078239.0
Bất động sản,EV/EBITDA,35.6902281906,51.721190761,-115.0077346555,17.1001625275
Bất động sản,BVPS (VND),21731.0947907781,21102.3269183956,22432.2219428763,23987.6864422003
Bất động sản,Chỉ số thanh toán tiền mặt,0.264449361,0.2198092912,0.193783884,0.2213645051
Bất động sản,Nợ/VCSH,1.5600864953,1.9236901203,1.8683058114,2.1926430933
Bất động sản,ROE (%),0.1389149685,0.1130019058,0.1065204557,0.108281121
Bất động sản,ROA (%),0.0611472271,0.0492350047,0.0421434321,0.0375881935
Bất động sản,Số ngày thu tiền bình quân,92.3468154583,129.7758283235,152.5405216262,154.7122497831
Bất động sản,Số ngày tồn kho bình quân,3508.5489442969,2391.3768012885,5202.9766430592,1643.9407485476
Bất động sản,Chỉ số thanh toán nhanh,1.122573645,1.0014153016,1.1595028554,1.1359331123
Bất động sản,Số ngày thanh toán bình quân,106.3220822887,151.2967556043,229.7743411484,595.529513686
Bất động sản,Biên lợi nhuận gộp (%),0.3958546271,0.3630024647,0.3771369514,0.3422949024
Bất động sản,Biên EBIT (%),0.2502024106,0.1826505686,0.2078987014,0.1165169278
Bất động sản,Biên lợi nhuận ròng (%),0.2371236481,0.2616692628,0.2226633221,0.1460348817
Bất động sản,Chỉ số thanh toán hiện thời,1.9210033039,1.627761051,1.8782541378,1.9111288708
Bất động sản,Quay vòng tài sản,0.2760496028,0.1930524033,0.200145224,0.1922055579
Bất động sản,(Vay NH + DH)/VCSH,0.6079463851,0.6737258305,0.696365433,0.7709254667
Bất động sản,ROIC (%),0.264449361,0.2198092912,0.193783884,0.2213645051
Bất động sản,Vòng quay TSCĐ,40.98996,15.29515,11.73347,11.51585
Viễn thông di động,Chu kỳ tiền,166.5487654421,117.2880116698,61.1489474003,44.235976245
Viễn thông di động,Tăng trưởng lợi nhuận (%),-1.5721094731685938,2.4545549823436237,-0.8082181931922284,7.438680160914249
Viễn thông di động,Lợi nhuận sau thuế của Cổ đông công ty mẹ,-2398749242002.0,3489112661347.0,669148330349.0,5646728740025.0
Viễn thông di động,Tăng trưởng doanh thu (%),-0.15815638171684127,0.19864078852723288,-0.4589685273644653,0.24250179223132576
Viễn thông di động,Doanh thu,45778994235624.0,54872569748572.0,29687787218366.0,36887128826202.0
Viễn thông di động,Vốn hóa,110165678509688.0,64589599766072.0,132015642213944.0,218299364700244.0
Viễn thông di động,EPS (VND),-781.0301827611628,1136.0513436960005,217.87397932041566,1838.5688268706326
Viễn thông di động,P/E,0.0,38.9447917053,268.5501726822,38.6053078211
Viễn thông di động,P/B,3.8146046693,2.1592396583,4.3232805047,6.1998961733
Viễn thông di động,P/S,5.663911729,2.6853459451,4.6523685027,6.1436590814
Viễn thông di động,P/Cash Flow,19.5089026992,4.5631452315,9.8267120885,14.7084369294
Viễn thông di động,Số CP lưu hành,3071263179.0,3071263179.0,3071263179.0,3071263179.0
Viễn thông di động,EV/EBITDA,23.9408920409,12.9976565554,20.5999575603,19.3098549536
Viễn thông di động,BVPS (VND),9313.4087751892,9739.5436540666,10107.464966992,11893.7667128138
Viễn thông di động,Chỉ số thanh toán tiền mặt,0.3704461054,0.471177148,0.496150522,0.5952232743
Viễn thông di động,Nợ/VCSH,0.8324537796,0.7206559431,0.7235472085,0.7678260555
Viễn thông di động,ROE (%),-0.0291857593,0.0481954775,0.0152801366,0.1741886769
Viễn thông di động,ROA (%),-0.007658866,0.0203252445,0.0088148431,0.0970796855
Viễn thông di động,Số ngày thu tiền bình quân,270.8762242586,176.0464772297,112.6854606158,74.1127731371
Viễn thông di động,Số ngày tồn kho bình quân,62.8295873925,63.1883500162,65.3011418759,60.8493923646
Viễn thông di động,Chỉ số thanh toán nhanh,1.6416264955,1.9552281625,1.9614304225,2.0455865953
Viễn thông di động,Số ngày thanh toán bình quân,167.157046209,121.9468155761,116.8376550914,90.7261892567
Viễn thông di động,Biên lợi nhuận gộp (%),0.3689403888,0.4833335158,0.5041366482,0.5096265023
Viễn thông di động,Biên EBIT (%),0.0747100342,0.0726766949,0.1054611591,0.2123592051
Viễn thông di động,Biên lợi nhuận ròng (%),0.0172840641,0.0671073773,0.0526157688,0.2027878144
Viễn thông di động,Chỉ số thanh toán hiện thời,1.7507759729,2.0842765302,2.1010856757,2.1685526627
Viễn thông di động,Quay vòng tài sản,0.3494982683,0.4680885392,0.5524206216,0.6125104718
Viễn thông di động,(Vay NH + DH)/VCSH,0.4245792928,0.2036002893,0.0967125716,0.0764120997
Viễn thông di động,ROIC (%),0.3704461054,0.471177148,0.496150522,0.5952232743
Viễn thông di động,Vòng quay TSCĐ,2.733021,3.051067,3.054914,3.696051
Bảo hiểm phi nhân thọ,Chu kỳ tiền,282.0319269761,305.6297643468,274.1052653519,302.5957332784
Bảo hiểm phi nhân thọ,Tăng trưởng lợi nhuận (%),0.24283853397612928,-0.37345724667430125,0.5821680795802634,-0.07406586352670956
Bảo hiểm phi nhân thọ,Lợi nhuận sau thuế của Cổ đông công ty mẹ,2899259555055.0,1816510064230.0,2874024239861.0,2661157152739.0
Bảo hiểm phi nhân thọ,Tăng trưởng doanh thu (%),,,,
Bảo hiểm phi nhân thọ,Doanh thu,,,,
Bảo hiểm phi nhân thọ,Vốn hóa,39632115075661.0,30250120598957.0,32226549557634.0,36499282734100.0
Bảo hiểm phi nhân thọ,EPS (VND),2906.715976239172,1655.4603535559072,2322.8151070804,2130.226687417014
Bảo hiểm phi nhân thọ,P/E,14.6644051921,17.6035579506,11.1936536725,13.7226742047
Bảo hiểm phi nhân thọ,P/B,1.8413323233,1.4089316159,1.3311159451,1.4749520975
Bảo hiểm phi nhân thọ,P/S,1.7670086847,1.3041286639,1.1362243305,1.3200125662
Bảo hiểm phi nhân thọ,P/Cash Flow,30.1408437144,-8.1488305878,7.6417034914,10.1928459289
Bảo hiểm phi nhân thọ,Số CP lưu hành,997434761.0,1097283943.0,1237302199.0,1249236604.0
Bảo hiểm phi nhân thọ,EV/EBITDA,-15.6863710348,-13.5908204833,-12.0983626609,-15.4356074658
Bảo hiểm phi nhân thọ,BVPS (VND),314.4200383964,0.0,0.0,0.0
Bảo hiểm phi nhân thọ,Chỉ số thanh toán tiền mặt,0.1550684185,0.1729950496,0.1690186212,0.1145750353
Bảo hiểm phi nhân thọ,Nợ/VCSH,2.2343749279,2.4886995703,2.3801266634,2.7150442428
Bảo hiểm phi nhân thọ,ROE (%),0.1344488756,0.0787244749,0.125386898,0.1127938847
Bảo hiểm phi nhân thọ,ROA (%),0.0426639661,0.0269135364,0.0377705264,0.0326154924
Bảo hiểm phi nhân thọ,Số ngày thu tiền bình quân,282.0319269761,305.6297643468,274.1052653519,302.5957332784
Bảo hiểm phi nhân thọ,Số ngày tồn kho bình quân,0.0,0.0,0.0,0.0
Bảo hiểm phi nhân thọ,Chỉ số thanh toán nhanh,1.2743205163,1.2496454699,1.2385300299,1.2015665966
Bảo hiểm phi nhân thọ,Số ngày thanh toán bình quân,0.0,0.0,0.0,0.0
Bảo hiểm phi nhân thọ,Biên lợi nhuận gộp (%),0.0,0.0,0.0,0.0
Bảo hiểm phi nhân thọ,Biên EBIT (%),-0.1475619239,-0.123900608,-0.1256018103,-0.1243378678
Bảo hiểm phi nhân thọ,Biên lợi nhuận ròng (%),0.1247446204,0.088489064,0.1034183245,0.0905336349
Bảo hiểm phi nhân thọ,Chỉ số thanh toán hiện thời,1.2752202132,1.2500637964,1.2388304241,1.2020169341
Bảo hiểm phi nhân thọ,Quay vòng tài sản,0.4073453607,0.4118447822,0.4303620562,0.4033828596
Bảo hiểm phi nhân thọ,(Vay NH + DH)/VCSH,0.0224293391,0.0036897691,0.1090106062,0.0828891034
Bảo hiểm phi nhân thọ,ROIC (%),0.1550684185,0.1729950496,0.1690186212,0.1145750353
Bảo hiểm phi nhân thọ,Vòng quay TSCĐ,0.0,0.0,0.0,0.0
Tư vấn & Hỗ trợ Kinh doanh,Chu kỳ tiền,42.3676538158,92.9095112801,112.1107029031,43.4686498458
Tư vấn & Hỗ trợ Kinh doanh,Tăng trưởng lợi nhuận (%),2.3292139284989193,-0.7665239772141433,0.31906574470208726,0.19263124129040649
Tư vấn & Hỗ trợ Kinh doanh,Lợi nhuận sau thuế của Cổ đông công ty mẹ,2072232431605.0,483816586419.0,638185885864.0,761120425232.0
Tư vấn & Hỗ trợ Kinh doanh,Tăng trưởng doanh thu (%),0.02148306445313946,-0.31826092067657263,-0.052182525264987734,0.18108364294649168
Tư vấn & Hỗ trợ Kinh doanh,Doanh thu,6529622580907.0,4451498886637.0,4219208433518.0,4983238067010.0
Tư vấn & Hỗ trợ Kinh doanh,Vốn hóa,15173503525169.0,6265065084550.0,9298540035379.0,8564332154583.0
Tư vấn & Hỗ trợ Kinh doanh,EPS (VND),6013.119409086348,1182.8127253764067,1557.3125163303946,1857.299559428205
Tư vấn & Hỗ trợ Kinh doanh,P/E,7.053243164,17.3886070358,14.0820507388,10.8724385051
Tư vấn & Hỗ trợ Kinh doanh,P/B,2.3595074096,0.8871992229,1.2369588534,1.0847100892
Tư vấn & Hỗ trợ Kinh doanh,P/S,914.5558996827,1325.9104003159,5.2140016402,3.1269627114
Tư vấn & Hỗ trợ Kinh doanh,P/Cash Flow,112.9905738534,2.6708474183,4.096820561,14.1679300651
Tư vấn & Hỗ trợ Kinh doanh,Số CP lưu hành,344618540.0,409039044.0,409799497.0,409799497.0
Tư vấn & Hỗ trợ Kinh doanh,EV/EBITDA,36.9809674412,20.5402619426,22.4252634038,5.726648787
Tư vấn & Hỗ trợ Kinh doanh,BVPS (VND),19915.5102720068,18496.4025850305,18608.0110928418,19649.4379219455
Tư vấn & Hỗ trợ Kinh doanh,Chỉ số thanh toán tiền mặt,0.4243464891,1.1120564534,0.2657553383,5.1340035836
Tư vấn & Hỗ trợ Kinh doanh,Nợ/VCSH,1.3545961922,1.0611033312,0.9029373119,0.7251301532
Tư vấn & Hỗ trợ Kinh doanh,ROE (%),0.3888348714,0.0440119031,0.090294399,0.1078557309
Tư vấn & Hỗ trợ Kinh doanh,ROA (%),0.1698792024,0.0194275683,0.0440214712,0.0565551227
Tư vấn & Hỗ trợ Kinh doanh,Số ngày thu tiền bình quân,102.9439136025,227.0004954718,231.6922617277,163.3433668399
Tư vấn & Hỗ trợ Kinh doanh,Số ngày tồn kho bình quân,28.6715872658,45.2812886528,36.0143146704,38.1802937524
Tư vấn & Hỗ trợ Kinh doanh,Chỉ số thanh toán nhanh,3.5617523438,3.4529713569,3.2844716757,133.1452916534
Tư vấn & Hỗ trợ Kinh doanh,Số ngày thanh toán bình quân,89.2478470525,179.3722728445,155.595873495,158.0550107465
Tư vấn & Hỗ trợ Kinh doanh,Biên lợi nhuận gộp (%),0.4082813184,0.3565946432,0.3180793562,0.3407547474
Tư vấn & Hỗ trợ Kinh doanh,Biên EBIT (%),-12.6014647358,-24.0054764263,0.1480157312,0.2090824332
Tư vấn & Hỗ trợ Kinh doanh,Biên lợi nhuận ròng (%),-75.6065547372,-148.8180847934,0.4424303079,0.3890268177
Tư vấn & Hỗ trợ Kinh doanh,Chỉ số thanh toán hiện thời,3.6005641041,3.5072902328,3.341103779,133.2627151851
Tư vấn & Hỗ trợ Kinh doanh,Quay vòng tài sản,0.3385482235,0.3601963015,0.3956985191,0.5622869323
Tư vấn & Hỗ trợ Kinh doanh,(Vay NH + DH)/VCSH,0.8634942259,0.6814460623,0.6485001539,0.4802174902
Tư vấn & Hỗ trợ Kinh doanh,ROIC (%),0.4243464891,1.1120564534,0.2657553383,5.1340035836
Tư vấn & Hỗ trợ Kinh doanh,Vòng quay TSCĐ,3.081155,2.934749,2.704466,17.66149
Hóa chất,Chu kỳ tiền,74.9196639279,78.8681651705,74.7881033048,69.3421797351
Hóa chất,Tăng trưởng lợi nhuận (%),3.8062769180599108,1.2769581906726606,-0.6553271978603987,-0.007686530261111558
Hóa chất,Lợi nhuận sau thuế của Cổ đông công ty mẹ,8718329376732.0,19851271483332.0,6842193368194.0,6789600641817.0
Hóa chất,Tăng trưởng doanh thu (%),0.3819645191996941,0.3238614203446877,-0.18217051515022423,0.006446974274291575
Hóa chất,Doanh thu,87105344830239.0,115315405526574.0,94308338697041.0,94916342130472.0
Hóa chất,Vốn hóa,124744745493110.0,65701087484660.0,107998984915030.0,96436610106476.0
Hóa chất,EPS (VND),3195.2899756827865,6661.468124815643,2268.494435755584,2204.1721129829534
Hóa chất,P/E,13.2960472476,3.2433823776,14.653390404,14.2505285411
Hóa chất,P/B,2.9958322586,1.177593786,1.9652747627,1.778224053
Hóa chất,P/S,2.5746837876,0.8415255498,2.6811779413,2.1452880141
Hóa chất,P/Cash Flow,10.6868086117,7.0798845685,-0.4168678149,12.1913070931
Hóa chất,Số CP lưu hành,2728493953.0,2980014482.0,3016182566.0,3080340506.0
Hóa chất,EV/EBITDA,12.3844351609,3.7649468996,13.9017410639,12.5950991184
Hóa chất,BVPS (VND),15660.3809920629,19234.8402658313,18679.6829114574,18083.2236277647
Hóa chất,Chỉ số thanh toán tiền mặt,0.3984094886,0.5468439044,0.4020423595,0.2244998785
Hóa chất,Nợ/VCSH,0.2711940654,-0.5233083267,0.7867869361,0.6453416242
Hóa chất,ROE (%),0.3010623639,0.4748733229,0.3136279004,0.1731038973
Hóa chất,ROA (%),0.2086901654,0.3429870318,0.1310500174,0.1226944297
Hóa chất,Số ngày thu tiền bình quân,29.8528619148,26.5916337412,29.1028430393,28.8141460968
Hóa chất,Số ngày tồn kho bình quân,79.8460249275,87.3793526884,75.8091368559,71.3764158769
Hóa chất,Chỉ số thanh toán nhanh,1.9825591614,2.8599658017,2.9915938753,3.482424496
Hóa chất,Số ngày thanh toán bình quân,34.7792229144,35.1028212591,30.1238765904,30.8483822386
Hóa chất,Biên lợi nhuận gộp (%),0.284605692,0.3640176029,0.2372682146,0.2420594099
Hóa chất,Biên EBIT (%),0.1945589531,0.2828719367,0.1516242499,0.1503416465
Hóa chất,Biên lợi nhuận ròng (%),0.1875599271,0.267904618,0.1833598659,0.1665864491
Hóa chất,Chỉ số thanh toán hiện thời,2.7880618707,3.6058834399,3.5489983983,4.0475660582
Hóa chất,Quay vòng tài sản,1.2538882075,1.4432324069,0.9561519747,0.9926002806
Hóa chất,(Vay NH + DH)/VCSH,0.0258854171,-0.25284921,0.3944702059,0.298020734
Hóa chất,ROIC (%),0.3984094886,0.5468439044,0.4020423595,0.2244998785
Hóa chất,Vòng quay TSCĐ,6.443485,9.90074,8.218684,9.831602
Xây dựng và Vật liệu,Chu kỳ tiền,114.3896966021,153.7482120668,313.0463566044,486.7877963067
Xây dựng và Vật liệu,Tăng trưởng lợi nhuận (%),0.19312936805536643,-0.09625806307590544,-0.48480007386500606,0.26583623600247824
Xây dựng và Vật liệu,Lợi nhuận sau thuế của Cổ đông công ty mẹ,7261198161424.0,6562249290795.0,3380870349897.0,4279628198126.0
Xây dựng và Vật liệu,Tăng trưởng doanh thu (%),0.3018889125265686,0.11092349284739843,-0.14593487845407727,-0.2274956500787807
Xây dựng và Vật liệu,Doanh thu,128699863145635.0,142975701494731.0,122110559875211.0,94330938674916.0
Xây dựng và Vật liệu,Vốn hóa,116149154842487.0,69945583972570.0,88032686587290.0,87095727774934.0
Xây dựng và Vật liệu,EPS (VND),2074.092532022115,1753.414272847804,883.6091835859495,1067.145775156046
Xây dựng và Vật liệu,P/E,20.2465194485,11.9529222467,20.5482939246,20.9780961695
Xây dựng và Vật liệu,P/B,2.457501919,1.3381507405,1.6584124879,1.6001503125
Xây dựng và Vật liệu,P/S,2.3952743118,3.8166235518,11.7040916355,27.4364637974
Xây dựng và Vật liệu,P/Cash Flow,54.8797713376,-34.7002472938,-19.8257197743,-9.6009139403
Xây dựng và Vật liệu,Số CP lưu hành,3500903672.0,3742554964.0,3826205536.0,4010350130.0
Xây dựng và Vật liệu,EV/EBITDA,20.8807708666,26.8560044218,48.1231948629,61.6746831208
Xây dựng và Vật liệu,BVPS (VND),14432.8839834064,15250.9842361468,15180.0725213563,14938.8890135281
Xây dựng và Vật liệu,Chỉ số thanh toán tiền mặt,0.3458475843,0.3275613806,0.4641627677,0.5036569441
Xây dựng và Vật liệu,Nợ/VCSH,0.9616024961,0.9732590278,0.9531762387,0.884886848
Xây dựng và Vật liệu,ROE (%),0.1496031981,0.1137734494,0.1338875522,0.1322691295
Xây dựng và Vật liệu,ROA (%),0.0897822397,0.0750891189,0.0848387029,0.0868014651
Xây dựng và Vật liệu,Số ngày thu tiền bình quân,78.4512024374,82.6041475459,194.2904817912,360.8878150977
Xây dựng và Vật liệu,Số ngày tồn kho bình quân,157.7379811097,125.2677040706,183.8960019369,196.6158748399
Xây dựng và Vật liệu,Chỉ số thanh toán nhanh,1.7271352487,1.6391976121,1.6515945711,1.6851709459
Xây dựng và Vật liệu,Số ngày thanh toán bình quân,121.799486945,54.1236395497,65.1401271237,70.7158936309
Xây dựng và Vật liệu,Biên lợi nhuận gộp (%),0.2188357523,0.2158665672,0.2375567983,0.2473406682
Xây dựng và Vật liệu,Biên EBIT (%),0.1278133391,0.1004451481,-0.0044586734,0.1014446669
Xây dựng và Vật liệu,Biên lợi nhuận ròng (%),0.1073804877,0.3643554777,0.0936577896,0.0368465148
Xây dựng và Vật liệu,Chỉ số thanh toán hiện thời,2.3045593396,2.3350345505,2.3850624989,2.3160369138
Xây dựng và Vật liệu,Quay vòng tài sản,0.8549817918,0.9249377958,0.7725805545,0.7874672777
Xây dựng và Vật liệu,(Vay NH + DH)/VCSH,0.4870514036,0.5100996578,0.4809765347,0.4545831155
Xây dựng và Vật liệu,ROIC (%),0.3458475843,0.3275613806,0.4641627677,0.5036569441
Xây dựng và Vật liệu,Vòng quay TSCĐ,5.306056,7.144043,6.657866,8.663196
Truyền thông,Chu kỳ tiền,-404.523709935,-1700.40484945,-641.3568058329,-275.8807215169
Truyền thông,Tăng trưởng lợi nhuận (%),0.22816538473932896,0.08668055204981287,0.10737107643407527,-0.2645005047703307
Truyền thông,Lợi nhuận sau thuế của Cổ đông công ty mẹ,358988527301.0,390105851027.0,431991936175.0,317729851000.0
Truyền thông,Tăng trưởng doanh thu (%),-0.08928115856688261,0.30079601093865294,0.021239784694724255,0.035011824070872756
Truyền thông,Doanh thu,8536124502634.0,11103756701902.0,11339598103553.0,11736618117389.0
Truyền thông,Vốn hóa,8611103246572.0,7010643532480.0,4803608949290.0,4182697334116.0
Truyền thông,EPS (VND),1014.286006192671,1110.1914292981749,1234.5778625140142,908.0313947007813
Truyền thông,P/E,24.2042063693,17.2849047584,10.795476751,12.1210543315
Truyền thông,P/B,1.8528002095,1.3833317158,0.9088264079,0.78258813
Truyền thông,P/S,82.9700996353,29.1196864831,8.8602928384,20.903048328
Truyền thông,P/Cash Flow,795.3011663977,5.7619700673,17.7556184195,-0.1065710471
Truyền thông,Số CP lưu hành,353932249.0,351386113.0,349910645.0,349910645.0
Truyền thông,EV/EBITDA,-92.3145198319,79.3511734519,-10.1682098316,-26.3335803537
Truyền thông,BVPS (VND),16984.6953433292,18478.6552555365,19099.57133341,18755.2156235087
Truyền thông,Chỉ số thanh toán tiền mặt,1.2247122964,0.4188695547,0.4588440696,0.7460733247
Truyền thông,Nợ/VCSH,1.0821838757,1.4284855507,1.1561958507,1.1772747263
Truyền thông,ROE (%),0.0660789845,0.0536235819,0.0937866916,0.1063009792
Truyền thông,ROA (%),0.0423204747,0.0298267473,0.0529279777,0.0628180042
Truyền thông,Số ngày thu tiền bình quân,95.1332237908,60.7206535865,76.2941924213,769.4275406573
Truyền thông,Số ngày tồn kho bình quân,94.0728934051,55.6943514505,94.3187005059,122.3241759823
Truyền thông,Chỉ số thanh toán nhanh,19.9168740122,5.0949761431,9.0322320379,3.4811303053
Truyền thông,Số ngày thanh toán bình quân,593.7298271309,1816.819854487,811.9696987601,1167.6324381565
Truyền thông,Biên lợi nhuận gộp (%),0.4483328775,0.5837657589,0.4252615141,0.2337667558
Truyền thông,Biên EBIT (%),0.0728029898,0.353902211,0.100021832,-1.1763289965
Truyền thông,Biên lợi nhuận ròng (%),1.3499403415,0.1560871338,0.4405183393,-10.3936852237
Truyền thông,Chỉ số thanh toán hiện thời,20.3036669575,5.4453303101,9.6161505024,4.0386969905
Truyền thông,Quay vòng tài sản,0.568518073,0.710783493,1.0175597274,1.2796821573
Truyền thông,(Vay NH + DH)/VCSH,0.7038423423,0.7677992588,0.4978619367,0.1868340988
Truyền thông,ROIC (%),1.2247122964,0.4188695547,0.4588440696,0.7460733247
Truyền thông,Vòng quay TSCĐ,40.47851,30.24837,41.00692,49.35122
Phân phối thực phẩm & dược phẩm,Chu kỳ tiền,96.5273764915,104.8106154869,87.4919377184,81.0032200981
Phân phối thực phẩm & dược phẩm,Tăng trưởng lợi nhuận (%),8.278836685871761,-0.861987655758158,3.645294116046591,0.9117701159218216
Phân phối thực phẩm & dược phẩm,Lợi nhuận sau thuế của Cổ đông công ty mẹ,326146188765.0,45012200077.0,209094908168.0,399741396827.0
Phân phối thực phẩm & dược phẩm,Tăng trưởng doanh thu (%),0.010809116832529036,0.5383940649393022,0.2296079985482224,0.21521609968497132
Phân phối thực phẩm & dược phẩm,Doanh thu,2365263336171.0,3638707078384.0,4474183327955.0,5437099613073.0
Phân phối thực phẩm & dược phẩm,Vốn hóa,1168819801800.0,875730220400.0,1009652207400.0,1411254013600.0
Phân phối thực phẩm & dược phẩm,EPS (VND),5231.797211678567,678.5156051865905,3354.1466839514496,5535.148371574843
Phân phối thực phẩm & dược phẩm,P/E,3.4951528143,0.0,4.8631706915,9.684301613
Phân phối thực phẩm & dược phẩm,P/B,1.2081906502,0.9087218548,0.8554160899,1.2841411245
Phân phối thực phẩm & dược phẩm,P/S,0.6943041926,0.4211803704,0.4146788203,0.9028384617
Phân phối thực phẩm & dược phẩm,P/Cash Flow,-21.107348849,2.8423048426,1.825059859,4.7251751237
Phân phối thực phẩm & dược phẩm,Số CP lưu hành,62339226.0,66339226.0,62339226.0,72218732.0
Phân phối thực phẩm & dược phẩm,EV/EBITDA,4.7062285203,30.0319478935,6.1618709526,7.7451343825
Phân phối thực phẩm & dược phẩm,BVPS (VND),14584.0318623404,14528.1797488412,18935.1938031441,15218.8568763434
Phân phối thực phẩm & dược phẩm,Chỉ số thanh toán tiền mặt,0.2333099432,0.1476544074,0.3147776202,1.0996626936
Phân phối thực phẩm & dược phẩm,Nợ/VCSH,1.9425651773,-0.3074500768,4.6331486153,1.5211147013
Phân phối thực phẩm & dược phẩm,ROE (%),0.0892387855,-0.2693969144,0.1757966506,0.2055283585
Phân phối thực phẩm & dược phẩm,ROA (%),0.0970737018,0.0509367168,0.12742369,0.1386529567
Phân phối thực phẩm & dược phẩm,Số ngày thu tiền bình quân,61.6937647386,65.6286740485,56.8792300062,47.4485212102
Phân phối thực phẩm & dược phẩm,Số ngày tồn kho bình quân,56.2635028049,56.7636184708,43.1963409562,46.6167701858
Phân phối thực phẩm & dược phẩm,Chỉ số thanh toán nhanh,1.4716902656,1.5200341172,2.4836893298,5.0438429658
Phân phối thực phẩm & dược phẩm,Số ngày thanh toán bình quân,21.429891052,17.5816770324,12.583633244,13.0620712979
Phân phối thực phẩm & dược phẩm,Biên lợi nhuận gộp (%),0.085592705,0.1419076714,0.1691091163,0.1719184849
Phân phối thực phẩm & dược phẩm,Biên EBIT (%),0.0215718056,0.0279554911,0.1022215817,0.1176510594
Phân phối thực phẩm & dược phẩm,Biên lợi nhuận ròng (%),0.1795125613,0.0214022257,0.0932101931,0.1183567628
Phân phối thực phẩm & dược phẩm,Chỉ số thanh toán hiện thời,1.9907508508,1.970432344,3.0972485534,5.9927963869
Phân phối thực phẩm & dược phẩm,Quay vòng tài sản,1.2624942792,1.4300476713,1.6543292508,1.3233517622
Phân phối thực phẩm & dược phẩm,(Vay NH + DH)/VCSH,1.2067984199,0.061571819,2.443730694,3.3290484006
Phân phối thực phẩm & dược phẩm,ROIC (%),0.2333099432,0.1476544074,0.3147776202,1.0996626936
Phân phối thực phẩm & dược phẩm,Vòng quay TSCĐ,11.60551,14.63539,19.35157,17.89574
Dược phẩm,Chu kỳ tiền,178.2459514084,158.6400046558,175.6522937228,180.1848672924
Dược phẩm,Tăng trưởng lợi nhuận (%),0.02422863071941662,0.12522596618240966,0.05005047474208392,0.006096662182701578
Dược phẩm,Lợi nhuận sau thuế của Cổ đông công ty mẹ,3280941698749.0,3691800792963.0,3876577175304.0,3900211356767.0
Dược phẩm,Tăng trưởng doanh thu (%),-0.06622585303957727,0.15997393344151958,0.054213895677222526,0.05198188254977259
Dược phẩm,Doanh thu,71355062890967.0,82770012972602.0,87257297821101.0,91793096428048.0
Dược phẩm,Vốn hóa,55262273421903.0,43941488772279.0,52330241672727.0,58149237261718.0
Dược phẩm,EPS (VND),2364.6100435196736,2631.2235309542853,2766.7569158196256,2071.9523684893647
Dược phẩm,P/E,16.6315777849,12.6691098577,13.4919137857,15.2510345696
Dược phẩm,P/B,2.0058964068,1.5555075902,1.7476699433,1.685636447
Dược phẩm,P/S,2.4990651799,1.5952163986,1.9703199879,1.952375116
Dược phẩm,P/Cash Flow,19.4482799214,2.5635882949,12.6729787029,12.5322661524
Dược phẩm,Số CP lưu hành,1387519142.0,1403073798.0,1401126768.0,1882384661.0
Dược phẩm,EV/EBITDA,20.5317510259,11.4933184617,12.4837713049,14.4054020935
Dược phẩm,BVPS (VND),19673.7343138436,20459.9582698885,21742.3455584106,19748.4732316308
Dược phẩm,Chỉ số thanh toán tiền mặt,0.2650416146,0.2197510118,0.2459897171,0.2898028799
Dược phẩm,Nợ/VCSH,0.6842249466,0.6236889283,0.5626506987,0.5774520799
Dược phẩm,ROE (%),0.1452238226,0.1639682838,0.1779852004,0.1513076439
Dược phẩm,ROA (%),0.1061189221,0.1224501061,0.1295367836,0.1058222382
Dược phẩm,Số ngày thu tiền bình quân,75.9991837805,61.731593455,64.965646524,71.327188963
Dược phẩm,Số ngày tồn kho bình quân,159.1543127505,151.591824648,164.5749136811,160.7149215455
Dược phẩm,Chỉ số thanh toán nhanh,2.2548725113,2.2289155965,2.0105700499,1.9353027423
Dược phẩm,Số ngày thanh toán bình quân,56.9075451226,54.6834134472,53.8882664823,51.8572432161
Dược phẩm,Biên lợi nhuận gộp (%),0.3556243732,0.380759276,0.3806871775,0.3554212385
Dược phẩm,Biên EBIT (%),0.1410905258,0.1499568642,0.1527034978,0.1371815252
Dược phẩm,Biên lợi nhuận ròng (%),0.1285069712,0.1283476889,0.1436386309,0.1235480083
Dược phẩm,Chỉ số thanh toán hiện thời,3.2681482562,3.297323483,3.1232250749,2.9377307846
Dược phẩm,Quay vòng tài sản,0.8784463718,0.9830264339,0.9322822545,0.8757518974
Dược phẩm,(Vay NH + DH)/VCSH,0.276715713,0.2417169623,0.266181587,0.2789280411
Dược phẩm,ROIC (%),0.2650416146,0.2197510118,0.2459897171,0.2898028799
Dược phẩm,Vòng quay TSCĐ,7.071512,7.88483,7.141751,6.966558
Điện tử & Thiết bị điện,Chu kỳ tiền,180.4710785584,179.5732511694,187.3987294371,99.3963421645
Điện tử & Thiết bị điện,Tăng trưởng lợi nhuận (%),0.0869463159255814,-0.24265991293966183,-0.14736353485495887,2.3140261642855195
Điện tử & Thiết bị điện,Lợi nhuận sau thuế của Cổ đông công ty mẹ,1925030989462.0,1457903137153.0,1243061377386.0,4119537928470.0
Điện tử & Thiết bị điện,Tăng trưởng doanh thu (%),0.2433231725451265,0.01928877127731209,-0.07517262141418142,0.20331169590723208
Điện tử & Thiết bị điện,Doanh thu,56297756634570.0,57383671185720.0,53069990196320.0,63859739904914.0
Điện tử & Thiết bị điện,Vốn hóa,61534986198100.0,25024396222802.0,35790323895968.0,46426604440700.0
Điện tử & Thiết bị điện,EPS (VND),1229.9471098556621,1030.3073168334668,911.4897440003459,3078.8813725612436
Điện tử & Thiết bị điện,P/E,29.4203693543,17.2193601648,28.7931640524,11.1752841426
Điện tử & Thiết bị điện,P/B,2.2987692191,1.1514608355,1.7276683109,1.9695071306
Điện tử & Thiết bị điện,P/S,28.6259801475,2.4667866257,16.8891296872,0.8345444164
Điện tử & Thiết bị điện,P/Cash Flow,-5.1594781242,5.6270151665,5.5101008437,23.5565416045
Điện tử & Thiết bị điện,Số CP lưu hành,1565133146.0,1415017746.0,1363768913.0,1337998263.0
Điện tử & Thiết bị điện,EV/EBITDA,14.2085427041,8.4927123945,-9.7974125247,7.7600366433
Điện tử & Thiết bị điện,BVPS (VND),21489.5513857881,22199.6989871475,22074.3167145899,24957.2894900395
Điện tử & Thiết bị điện,Chỉ số thanh toán tiền mặt,0.3396448701,0.2016814178,0.2994100788,0.3043306086
Điện tử & Thiết bị điện,Nợ/VCSH,2.0711843161,1.5733888335,1.5262682144,1.1213471809
Điện tử & Thiết bị điện,ROE (%),0.0806794267,0.0683272977,0.0613466073,0.2197494813
Điện tử & Thiết bị điện,ROA (%),0.0259865569,0.0232150762,0.0202641337,0.0867606719
Điện tử & Thiết bị điện,Số ngày thu tiền bình quân,162.6708722446,82.4874788866,104.6937049763,35.7586491662
Điện tử & Thiết bị điện,Số ngày tồn kho bình quân,99.9894127819,147.6652049757,121.3117696094,93.3367591418
Điện tử & Thiết bị điện,Chỉ số thanh toán nhanh,0.8426971912,0.6777787802,1.1877950923,1.0992056243
Điện tử & Thiết bị điện,Số ngày thanh toán bình quân,82.1892064681,50.5794326929,38.6067451486,29.6990661435
Điện tử & Thiết bị điện,Biên lợi nhuận gộp (%),0.2074587849,0.1620273153,0.1767071771,0.178212765
Điện tử & Thiết bị điện,Biên EBIT (%),0.058782978,0.0729085553,0.042636645,0.1132979568
Điện tử & Thiết bị điện,Biên lợi nhuận ròng (%),0.9470454524,0.0612057153,0.0393964078,0.0854684236
Điện tử & Thiết bị điện,Chỉ số thanh toán hiện thời,1.3138727153,1.3204327052,1.7078632405,1.7408946495
Điện tử & Thiết bị điện,Quay vòng tài sản,0.6724362168,0.7336229198,0.7358294352,1.1341726942
Điện tử & Thiết bị điện,(Vay NH + DH)/VCSH,1.2664213753,0.9908242009,0.9069337996,0.6086201279
Điện tử & Thiết bị điện,ROIC (%),0.3396448701,0.2016814178,0.2994100788,0.3043306086
Điện tử & Thiết bị điện,Vòng quay TSCĐ,3.879929,7.542301,5.226599,1064.164
Thiết bị và Dịch vụ Y tế,Chu kỳ tiền,482.3811492767,451.0713442051,541.0108309831,327.2190882684
Thiết bị và Dịch vụ Y tế,Tăng trưởng lợi nhuận (%),0.4734980130736635,-0.2845305404916644,0.1711313292183142,-0.48357529775324887
Thiết bị và Dịch vụ Y tế,Lợi nhuận sau thuế của Cổ đông công ty mẹ,101598975488.0,72690964079.0,85130665384.0,43963578523.0
Thiết bị và Dịch vụ Y tế,Tăng trưởng doanh thu (%),0.0817398649739906,0.124697248347156,-0.06970640822704767,0.09330366203520248
Thiết bị và Dịch vụ Y tế,Doanh thu,1478300976793.0,1662641040828.0,1546744305701.0,1691061213655.0
Thiết bị và Dịch vụ Y tế,Vốn hóa,1786118226600.0,1167066321720.0,1304533295240.0,1167404993530.0
Thiết bị và Dịch vụ Y tế,EPS (VND),747.2063961159467,255.5539975921571,296.0393145482851,152.88201486893044
Thiết bị và Dịch vụ Y tế,P/E,91.1901804111,15.8332822244,16.0223121041,17.1575536953
Thiết bị và Dịch vụ Y tế,P/B,2.174978609,0.4396617305,0.4797333511,0.4189821914
Thiết bị và Dịch vụ Y tế,P/S,3.048490593,1.0987682105,1.4743813971,0.8867042636
Thiết bị và Dịch vụ Y tế,P/Cash Flow,-61.5102694361,-11.1266228679,6.9314548691,4.1637233379
Thiết bị và Dịch vụ Y tế,Số CP lưu hành,135971769.0,284444637.0,287565405.0,287565405.0
Thiết bị và Dịch vụ Y tế,EV/EBITDA,21.797077751,6.9137960268,10.4290065231,9.9367798501
Thiết bị và Dịch vụ Y tế,BVPS (VND),6117.3563290406,9623.6554560879,9750.373686494,9972.696497063
Thiết bị và Dịch vụ Y tế,Chỉ số thanh toán tiền mặt,0.1845204271,1.1645900476,0.3706007821,0.0901848465
Thiết bị và Dịch vụ Y tế,Nợ/VCSH,0.4231297088,0.459752526,0.4502126423,0.4892339085
Thiết bị và Dịch vụ Y tế,ROE (%),0.0039908547,0.0319622745,0.0478892386,0.0609070354
Thiết bị và Dịch vụ Y tế,ROA (%),0.0015082476,0.0224235239,0.034344756,0.0416568522
Thiết bị và Dịch vụ Y tế,Số ngày thu tiền bình quân,362.0829362513,228.9335580694,270.4893472554,224.1649065875
Thiết bị và Dịch vụ Y tế,Số ngày tồn kho bình quân,153.061073268,276.6337167151,329.9749338029,143.8285227347
Thiết bị và Dịch vụ Y tế,Chỉ số thanh toán nhanh,4.7750398391,7.0587465937,4.5766935052,2.3890852141
Thiết bị và Dịch vụ Y tế,Số ngày thanh toán bình quân,32.7628602426,54.4959305794,59.4534500752,40.7743410538
Thiết bị và Dịch vụ Y tế,Biên lợi nhuận gộp (%),0.1551138157,0.2388614924,0.2403351271,0.2057129882
Thiết bị và Dịch vụ Y tế,Biên EBIT (%),-0.0236009554,0.1055794948,0.0967143675,0.0647991306
Thiết bị và Dịch vụ Y tế,Biên lợi nhuận ròng (%),-0.0037511425,0.0926467064,0.0659473094,0.0520202664
Thiết bị và Dịch vụ Y tế,Chỉ số thanh toán hiện thời,6.4916056956,8.3063058562,5.7023133737,2.979902947
Thiết bị và Dịch vụ Y tế,Quay vòng tài sản,0.7316424669,0.5795389409,0.610956719,0.7212922882
Thiết bị và Dịch vụ Y tế,(Vay NH + DH)/VCSH,0.175296166,0.2926794322,0.280860668,0.285518599
Thiết bị và Dịch vụ Y tế,ROIC (%),0.1845204271,1.1645900476,0.3706007821,0.0901848465
Thiết bị và Dịch vụ Y tế,Vòng quay TSCĐ,3.379674,3.210279,3.445126,4.72363
Hàng công nghiệp,Chu kỳ tiền,78.8100522093,90.1263580664,93.7296348579,91.0883014452
Hàng công nghiệp,Tăng trưởng lợi nhuận (%),-0.40653041516575994,0.0045626410093201055,0.3885395626554108,-0.08070603618525561
Hàng công nghiệp,Lợi nhuận sau thuế của Cổ đông công ty mẹ,445169838883.0,447200989046.0,620956265749.0,570841346896.0
Hàng công nghiệp,Tăng trưởng doanh thu (%),0.3743295352104896,0.13086754847431697,-0.09836755279747479,-0.02223971362552228
Hàng công nghiệp,Doanh thu,31471837641379.0,35590479879488.0,32089531470855.0,31375869480566.0
Hàng công nghiệp,Vốn hóa,14279495059200.0,8863885550677.0,10119003871180.0,9112092532780.0
Hàng công nghiệp,EPS (VND),769.2414581365996,764.6551787762162,1043.9697616432193,968.4529452084482
Hàng công nghiệp,P/E,30.3012194367,41.0992075128,27.2400224831,29.1008335343
Hàng công nghiệp,P/B,1.7279622031,1.007129685,1.187655386,1.1692569538
Hàng công nghiệp,P/S,0.6061677349,0.9613287718,0.6547908193,0.6960511052
Hàng công nghiệp,P/Cash Flow,-0.9408286699,6.1721772034,-3.8902677626,3.1833261461
Hàng công nghiệp,Số CP lưu hành,578712749.0,584840071.0,594802923.0,589436327.0
Hàng công nghiệp,EV/EBITDA,13.7896345804,-41.0964669698,-14.2105186395,12.6413749573
Hàng công nghiệp,BVPS (VND),20034.9756080819,21252.5412211623,20154.1971787654,19275.2353818634
Hàng công nghiệp,Chỉ số thanh toán tiền mặt,0.3221508306,0.2145725998,0.225687438,0.3183062393
Hàng công nghiệp,Nợ/VCSH,1.242928996,1.4877791119,1.5833941568,1.6477727888
Hàng công nghiệp,ROE (%),0.0526090991,0.0643069449,0.0754547644,0.0883038745
Hàng công nghiệp,ROA (%),0.0138977047,0.0236709908,0.0379389099,0.0358365526
Hàng công nghiệp,Số ngày thu tiền bình quân,51.9626765577,65.2098257559,60.8946155774,57.5559048411
Hàng công nghiệp,Số ngày tồn kho bình quân,58.5355930071,65.5231514603,71.6896684618,66.1681684628
Hàng công nghiệp,Chỉ số thanh toán nhanh,1.1166015554,1.0315042899,1.2886658896,1.3860705507
Hàng công nghiệp,Số ngày thanh toán bình quân,31.6882173555,40.6066191498,38.8546491813,32.6357718587
Hàng công nghiệp,Biên lợi nhuận gộp (%),0.0873433161,0.1062072869,0.1177368191,0.1158638576
Hàng công nghiệp,Biên EBIT (%),-0.0028020838,0.0191540824,0.042946126,0.0395898692
Hàng công nghiệp,Biên lợi nhuận ròng (%),-0.0418782031,-0.0102227937,0.0227855153,0.019247598
Hàng công nghiệp,Chỉ số thanh toán hiện thời,1.5623935756,1.4836583262,1.7428545669,1.8343058826
Hàng công nghiệp,Quay vòng tài sản,1.3188914193,1.2599625741,1.2082381973,1.2446949561
Hàng công nghiệp,(Vay NH + DH)/VCSH,0.9214594428,1.1201767373,1.2454845311,1.289213485
Hàng công nghiệp,ROIC (%),0.3221508306,0.2145725998,0.225687438,0.3183062393
Hàng công nghiệp,Vòng quay TSCĐ,6.34954,7.78311,8.339067,10.01226
Công nghiệp nặng,Chu kỳ tiền,211.3716182016,188.6637573448,232.4302162244,226.6616453065
Công nghiệp nặng,Tăng trưởng lợi nhuận (%),0.02175209450698534,0.25744517120921745,-0.1506366507394152,0.18652714607368168
Công nghiệp nặng,Lợi nhuận sau thuế của Cổ đông công ty mẹ,6040837594449.0,7596022063199.0,6451782740656.0,7655215362358.0
Công nghiệp nặng,Tăng trưởng doanh thu (%),-0.10666866880684678,0.14626264729923766,-0.02249453160720686,0.05377318612135846
Công nghiệp nặng,Doanh thu,22856326963408.0,26199353852613.0,25610011659287.0,26987143582812.0
Công nghiệp nặng,Vốn hóa,96533466543976.0,81391221044100.0,81124133918952.0,58278834512952.0
Công nghiệp nặng,EPS (VND),2885.290798925086,3450.1375585057385,2892.913363813701,4239.57524607475
Công nghiệp nặng,P/E,12.1821001588,7.8249296218,9.4788676839,7.6149205506
Công nghiệp nặng,P/B,2.2743842636,1.7578432995,1.6920332314,1.8828873953
Công nghiệp nặng,P/S,11.5706082495,7.3795650117,8.9561007345,11.3960991402
Công nghiệp nặng,P/Cash Flow,-139.172192402,310.3511346393,584.0355920657,-253.8990385537
Công nghiệp nặng,Số CP lưu hành,2093666814.0,2201657741.0,2230202543.0,1805656208.0
Công nghiệp nặng,EV/EBITDA,116.9301895275,114.1573620058,1430.377553458,165.1268162212
Công nghiệp nặng,BVPS (VND),21893.3989780448,22995.267372855,23243.1920320082,17364.1893157366
Công nghiệp nặng,Chỉ số thanh toán tiền mặt,0.2786533728,0.2335422987,0.4729719001,0.2978360133
Công nghiệp nặng,Nợ/VCSH,0.4756685997,0.4745913322,0.4075267528,0.3191184028
Công nghiệp nặng,ROE (%),0.1940830453,0.2411609872,0.1974810539,0.2691089937
Công nghiệp nặng,ROA (%),0.1658134563,0.2051515109,0.1631979233,0.2456450115
Công nghiệp nặng,Số ngày thu tiền bình quân,102.0618129736,88.359766251,107.619869117,85.3829606897
Công nghiệp nặng,Số ngày tồn kho bình quân,159.4783236151,143.6321406126,172.8851882037,184.7470482706
Công nghiệp nặng,Chỉ số thanh toán nhanh,8.6826672697,5.324124076,9.0129859812,12.4147841532
Công nghiệp nặng,Số ngày thanh toán bình quân,50.1685183871,43.3281495188,48.0748410963,43.4683636538
Công nghiệp nặng,Biên lợi nhuận gộp (%),0.2069239278,0.2283424456,0.2165329704,0.1435124747
Công nghiệp nặng,Biên EBIT (%),0.1001482937,0.1148426697,0.0731264092,0.0100343212
Công nghiệp nặng,Biên lợi nhuận ròng (%),1.0440870181,1.1056546463,1.1071796617,1.6147809603
Công nghiệp nặng,Chỉ số thanh toán hiện thời,9.5393430444,5.9076580443,9.754593652,13.3361050224
Công nghiệp nặng,Quay vòng tài sản,0.2301003617,0.3044819233,0.2458937826,0.2638393564
Công nghiệp nặng,(Vay NH + DH)/VCSH,0.2636836248,0.2775780537,0.2218841632,0.0872209514
Công nghiệp nặng,ROIC (%),0.2786533728,0.2335422987,0.4729719001,0.2978360133
Công nghiệp nặng,Vòng quay TSCĐ,2.873781,3.030085,2.953645,6.16714
Nước & Khí đốt,Chu kỳ tiền,26.8530173011,21.9650581916,29.3087242155,42.3843115122
Nước & Khí đốt,Tăng trưởng lợi nhuận (%),0.2123260329925164,0.5690969570603802,-0.22160511799754298,-0.14249343230922618
Nước & Khí đốt,Lợi nhuận sau thuế của Cổ đông công ty mẹ,10044309377503.0,15760495280013.0,12267888863786.0,10519795272397.0
Nước & Khí đốt,Tăng trưởng doanh thu (%),0.20842300938874725,0.4490649942235812,-0.0896602510303888,-0.05097391161398307
Nước & Khí đốt,Doanh thu,163386980911836.0,236758354551218.0,215530541048614.0,204544106299088.0
Nước & Khí đốt,Vốn hóa,226840265498924.0,211836954917240.0,199581619344669.0,170415419893392.0
Nước & Khí đốt,EPS (VND),3342.2542944556817,4999.73801530327,3421.371879560726,2887.789084110631
Nước & Khí đốt,P/E,23.6250271879,13.5188774998,16.0286894814,16.2226790602
Nước & Khí đốt,P/B,3.6331656507,2.8888408528,2.5780840394,2.332492851
Nước & Khí đốt,P/S,2.4656873211,1.831316619,1.9110990435,1.4071912326
Nước & Khí đốt,P/Cash Flow,24.4931338433,15.0612240483,13.5591210958,19.1571964461
Nước & Khí đốt,Số CP lưu hành,3005249898.0,3152264225.0,3585663674.0,3642854435.0
Nước & Khí đốt,EV/EBITDA,15.727324199,9.9829900284,11.0223503233,9.606657675
Nước & Khí đốt,BVPS (VND),21325.4468322231,23897.2635320737,22125.8528595493,20636.5978844326
Nước & Khí đốt,Chỉ số thanh toán tiền mặt,0.3254578952,0.8115204395,0.38135584,0.3833289697
Nước & Khí đốt,Nợ/VCSH,0.5941512258,0.4505520567,0.4614912643,0.4486071521
Nước & Khí đốt,ROE (%),0.1630830652,0.2481846081,0.1804141497,0.160183704
Nước & Khí đốt,ROA (%),0.1147291323,0.1723575951,0.1289413596,0.1154890398
Nước & Khí đốt,Số ngày thu tiền bình quân,39.8452288627,35.8177177362,43.4752655535,50.8918797463
Nước & Khí đốt,Số ngày tồn kho bình quân,16.3327267121,17.5947486467,21.6298989226,21.2128969155
Nước & Khí đốt,Chỉ số thanh toán nhanh,2.7783683488,3.9159212465,3.6952823503,3.4247855215
Nước & Khí đốt,Số ngày thanh toán bình quân,29.3249382737,31.4474081913,35.7964402606,29.7204651496
Nước & Khí đốt,Biên lợi nhuận gộp (%),0.1693290379,0.20192899,0.1806047323,0.16341667
Nước & Khí đốt,Biên EBIT (%),0.1220765415,0.1658616324,0.1344708966,0.1080307845
Nước & Khí đốt,Biên lợi nhuận ròng (%),0.1035439835,0.1394259212,0.1218975361,0.0938374191
Nước & Khí đốt,Chỉ số thanh toán hiện thời,2.9738771022,4.2326398697,3.9551278856,3.7288367254
Nước & Khí đốt,Quay vòng tài sản,1.2114336003,1.4090292024,1.2174462318,1.4089334609
Nước & Khí đốt,(Vay NH + DH)/VCSH,0.1869366424,0.1386420038,0.1445472429,0.1020128863
Nước & Khí đốt,ROIC (%),0.3254578952,0.8115204395,0.38135584,0.3833289697
Nước & Khí đốt,Vòng quay TSCĐ,4.975053,6.908645,6.410025,7.180683
Du lịch & Giải trí,Chu kỳ tiền,-60.0839280074,-16.3757590813,0.9167174637,0.3343433362
Du lịch & Giải trí,Tăng trưởng lợi nhuận (%),1.5976301777900659,5.263659059744012,0.006576960615163382,0.07102214054246003
Du lịch & Giải trí,Lợi nhuận sau thuế của Cổ đông công ty mẹ,3482956451.0,21816051729.0,21959535042.0,23519148226.0
Du lịch & Giải trí,Tăng trưởng doanh thu (%),-0.3958417158048296,-0.028781527407312588,-0.07431317593561607,-0.010147011778361036
Du lịch & Giải trí,Doanh thu,186355664906.0,180992064229.0,167541969117.0,165841918783.0
Du lịch & Giải trí,Vốn hóa,80850000000.0,55854002500.0,33904532500.0,48916152500.0
Du lịch & Giải trí,EPS (VND),995.1304145714287,4117.809489286001,4144.892160117781,4439.271273647007
Du lịch & Giải trí,P/E,483.6180501764,57.1566658441,0.0,0.0
Du lịch & Giải trí,P/B,1.906176688,0.9231132104,0.581784542,0.839901994
Du lịch & Giải trí,P/S,2.1055824883,0.914502365,0.5535563968,0.8475243393
Du lịch & Giải trí,P/Cash Flow,18.7730372421,-1.2336001362,-179.6491816706,-11.9518433655
Du lịch & Giải trí,Số CP lưu hành,3500000.0,5297975.0,5297975.0,5297975.0
Du lịch & Giải trí,EV/EBITDA,68.2290777741,19.6960404814,88.9035838461,51.5533585062
Du lịch & Giải trí,BVPS (VND),6525.3455343077,11420.6133726565,10999.8225180376,10992.9378681477
Du lịch & Giải trí,Chỉ số thanh toán tiền mặt,0.192236097,0.1704440173,0.0320754465,0.3284803863
Du lịch & Giải trí,Nợ/VCSH,0.3937679612,0.1185906178,0.1601853474,0.1058645956
Du lịch & Giải trí,ROE (%),0.0530381429,0.016574738,-0.0173794129,0.0031273724
Du lịch & Giải trí,ROA (%),0.0396890346,0.0135202666,-0.0151766643,0.0027451506
Du lịch & Giải trí,Số ngày thu tiền bình quân,34.9381153458,32.8597884709,32.3318195296,32.3274341235
Du lịch & Giải trí,Số ngày tồn kho bình quân,0.3213619268,0.7103735469,0.682730881,0.4398701606
Du lịch & Giải trí,Chỉ số thanh toán nhanh,1.4001629922,2.5243563857,1.8437635784,3.2798983042
Du lịch & Giải trí,Số ngày thanh toán bình quân,95.34340528,49.9459210991,32.0978329469,32.4329609479
Du lịch & Giải trí,Biên lợi nhuận gộp (%),0.1056865497,0.121800914,0.0542701903,0.0621149018
Du lịch & Giải trí,Biên EBIT (%),0.0526745064,0.0324836166,-0.014301772,0.0129251094
Du lịch & Giải trí,Biên lợi nhuận ròng (%),0.0581248631,0.0164007129,-0.0133041747,0.0028697926
Du lịch & Giải trí,Chỉ số thanh toán hiện thời,1.4007958452,2.5454631071,1.8581275736,3.2892207502
Du lịch & Giải trí,Quay vòng tài sản,0.6828237079,0.8599602411,0.990710577,1.042397349
Du lịch & Giải trí,(Vay NH + DH)/VCSH,0.0183379918,0.0,0.0,0.0
Du lịch & Giải trí,ROIC (%),0.192236097,0.1704440173,0.0320754465,0.3284803863
Du lịch & Giải trí,Vòng quay TSCĐ,2211.95,4235.092,33129.57,476.8918
Sản xuất & Phân phối Điện,Chu kỳ tiền,37.9743839547,44.2521811157,81.0100248114,86.6531046496
Sản xuất & Phân phối Điện,Tăng trưởng lợi nhuận (%),0.13355795725550437,0.3612862162801358,-0.3943448240086217,-0.28135329447914414
Sản xuất & Phân phối Điện,Lợi nhuận sau thuế của Cổ đông công ty mẹ,18094731985186.0,24632109238717.0,14918564456014.0,10721177197415.0
Sản xuất & Phân phối Điện,Tăng trưởng doanh thu (%),-0.11803968513187899,0.2219329185625056,-0.016188014589827406,-0.1354261696232497
Sản xuất & Phân phối Điện,Doanh thu,155447264065969.0,189946129062686.0,186871278354138.0,161564016914037.0
Sản xuất & Phân phối Điện,Vốn hóa,229659920146693.0,161258387125521.0,183951849750483.0,220881499522688.0
Sản xuất & Phân phối Điện,EPS (VND),1891.5442116461477,2880.8352277680797,1685.704144196677,1065.5063828408524
Sản xuất & Phân phối Điện,P/E,15.5287602255,9.2846673488,15.8220727552,20.0553139662
Sản xuất & Phân phối Điện,P/B,1.6777139873,1.3163101084,1.5431440421,1.5013433519
Sản xuất & Phân phối Điện,P/S,2.3984680069,2.2906765701,3.6611766096,3.942218951
Sản xuất & Phân phối Điện,P/Cash Flow,12.6762479018,26.273469097,4.7188388174,14.4239799113
Sản xuất & Phân phối Điện,Số CP lưu hành,9566116337.0,8550336028.0,8850049107.0,10062048778.0
Sản xuất & Phân phối Điện,EV/EBITDA,6.5614131743,6.379023092,6.7687168938,10.3652600832
Sản xuất & Phân phối Điện,BVPS (VND),14513.0715856754,14928.335892359,14081.1512394583,15727.0799655224
Sản xuất & Phân phối Điện,Chỉ số thanh toán tiền mặt,0.4444935973,0.5294686936,0.2391596553,0.5538859281
Sản xuất & Phân phối Điện,Nợ/VCSH,1.1966354586,0.8860027055,0.9855750534,0.8978297605
Sản xuất & Phân phối Điện,ROE (%),0.1243313355,0.1709119233,0.1303842569,0.0966472535
Sản xuất & Phân phối Điện,ROA (%),0.0619755106,0.1091087221,0.0832186046,0.0650482759
Sản xuất & Phân phối Điện,Số ngày thu tiền bình quân,86.0574187386,86.1099694512,124.1121361741,132.6890152807
Sản xuất & Phân phối Điện,Số ngày tồn kho bình quân,32.0942053237,21.0434731142,21.2227735483,33.0070788
Sản xuất & Phân phối Điện,Chỉ số thanh toán nhanh,1.8029239657,2.3021287144,1.465465979,2.0152830762
Sản xuất & Phân phối Điện,Số ngày thanh toán bình quân,80.1772401076,62.9012614497,64.324884911,79.0429894311
Sản xuất & Phân phối Điện,Biên lợi nhuận gộp (%),0.2517317067,0.349693048,0.3360658053,0.3196213886
Sản xuất & Phân phối Điện,Biên EBIT (%),0.2251331447,0.3174610719,0.2994619501,0.275080665
Sản xuất & Phân phối Điện,Biên lợi nhuận ròng (%),0.1751396827,0.2586802672,0.2350062048,0.219317942
Sản xuất & Phân phối Điện,Chỉ số thanh toán hiện thời,2.0277563605,2.4343250071,1.5928784038,2.1714535104
Sản xuất & Phân phối Điện,Quay vòng tài sản,0.5046919409,0.5966877999,0.5439084623,0.4809292248
Sản xuất & Phân phối Điện,(Vay NH + DH)/VCSH,0.9967704654,0.6890454377,0.6958975091,0.6663562288
Sản xuất & Phân phối Điện,ROIC (%),0.4444935973,0.5294686936,0.2391596553,0.5538859281
Sản xuất & Phân phối Điện,Vòng quay TSCĐ,1.190264,1.468851,1.49689,1.546982
Bia và đồ uống,Chu kỳ tiền,-4.1767967782,-4.1849951129,6.3010450393,7.2898593062
Bia và đồ uống,Tăng trưởng lợi nhuận (%),-0.22834180886976885,0.42179206835054056,-0.23879481894497873,0.018101754706398347
Bia và đồ uống,Lợi nhuận sau thuế của Cổ đông công ty mẹ,4613651699661.0,6559653392710.0,4993242148456.0,5083628593017.0
Bia và đồ uống,Tăng trưởng doanh thu (%),-0.06782969428804621,0.3021077124867115,-0.09927101862187823,0.0518459068902938
Bia và đồ uống,Doanh thu,48731384995898.0,63453512243318.0,57154417447788.0,60117640053155.0
Bia và đồ uống,Vốn hóa,122194246953058.0,134155109911970.0,88645628069800.0,78415002402376.0
Bia và đồ uống,EPS (VND),3978.517367704052,5656.185459349986,2643.9741393680806,2691.8304916455654
Bia và đồ uống,P/E,26.3502081375,20.3853419388,17.181611137,16.1557890483
Bia và đồ uống,P/B,4.0540827414,4.0669049096,2.4590553668,2.2854221807
Bia và đồ uống,P/S,3.498378078,3.1086815224,2.1285733565,1.7431506461
Bia và đồ uống,P/Cash Flow,26.9551423161,24.9178205275,33.4494181658,14.6592635673
Bia và đồ uống,Số CP lưu hành,1159640960.0,1159730960.0,1888536682.0,1888539642.0
Bia và đồ uống,EV/EBITDA,22.4377118464,18.1434280959,15.5290996879,10.8579562572
Bia và đồ uống,BVPS (VND),27729.8586437832,30271.3745180029,20119.284812183,19136.4348582761
Bia và đồ uống,Chỉ số thanh toán tiền mặt,0.4770129931,0.4270809384,0.6135152627,0.5240427104
Bia và đồ uống,Nợ/VCSH,0.3823931384,0.4077267501,0.3561840507,0.3904029195
Bia và đồ uống,ROE (%),0.1568140025,0.2118167806,0.1615672245,0.1617605792
Bia và đồ uống,ROA (%),0.1168367696,0.1525936135,0.1104710601,0.1128913706
Bia và đồ uống,Số ngày thu tiền bình quân,2.4521413964,3.1301311273,7.0481294325,7.6034242414
Bia và đồ uống,Số ngày tồn kho bình quân,33.523586505,31.5836550653,41.2357499933,37.7085419981
Bia và đồ uống,Chỉ số thanh toán nhanh,2.6887198562,2.5907774577,2.7918173978,2.5349139287
Bia và đồ uống,Số ngày thanh toán bình quân,40.1525246796,38.8987813055,41.9828343865,38.0221069333
Bia và đồ uống,Biên lợi nhuận gộp (%),0.2769962831,0.2992221807,0.2806319019,0.2735116373
Bia và đồ uống,Biên EBIT (%),0.1203877013,0.1467044341,0.1107712884,0.118596674
Bia và đồ uống,Biên lợi nhuận ròng (%),0.1345016709,0.1472042212,0.123815999,0.1193688679
Bia và đồ uống,Chỉ số thanh toán hiện thời,2.9279921632,2.8531955366,3.0993453921,2.8034451594
Bia và đồ uống,Quay vòng tài sản,0.9367435078,1.1071089748,0.9559525859,1.0235736922
Bia và đồ uống,(Vay NH + DH)/VCSH,0.0395419379,0.0471905073,0.0379459243,0.0281702872
Bia và đồ uống,ROIC (%),0.4770129931,0.4270809384,0.6135152627,0.5240427104
Bia và đồ uống,Vòng quay TSCĐ,5.264678,7.508754,6.865001,8.022229
Kim loại,Chu kỳ tiền,129.0357694629,128.9847639548,111.1451527186,95.6327810287
Kim loại,Tăng trưởng lợi nhuận (%),-0.5122888008841929,0.5179681823390425,0.8332970756967143,0.22766695472399406
Kim loại,Lợi nhuận sau thuế của Cổ đông công ty mẹ,1246768160646.0,1892554398614.0,3469614444576.0,4259530999239.0
Kim loại,Tăng trưởng doanh thu (%),0.17056891725874074,0.021270551683315958,0.09265164813208857,-0.031212816215546196
Kim loại,Doanh thu,130132644613028.0,132900637755956.0,145214100881851.0,140681559839120.0
Kim loại,Vốn hóa,21158842602000.0,35393282167800.0,31936729046000.0,41959053630858.0
Kim loại,EPS (VND),901.6592965558482,1337.6297079924911,2260.19933230657,1602.2230745771703
Kim loại,P/E,15.0391477885,23.6539823696,9.7392127987,10.2477023385
Kim loại,P/B,1.5629909184,2.5979837997,2.0133831722,1.6560870001
Kim loại,P/S,0.4363409114,0.8384057616,0.6262228206,0.5324746013
Kim loại,P/Cash Flow,2.1451272255,2.7446245505,5.6399639195,3.0887473579
Kim loại,Số CP lưu hành,1382748634.0,1414856733.0,1535092235.0,2658513079.0
Kim loại,EV/EBITDA,34.8010479186,13.8552262799,6.9132387631,6.1578541153
Kim loại,BVPS (VND),20239.7979839957,20091.7184733926,20532.4287920699,13993.3616999031
Kim loại,Chỉ số thanh toán tiền mặt,0.1496329543,0.1651698226,0.2084053952,0.1602967927
Kim loại,Nợ/VCSH,1.7614127024,1.8423731544,1.5443894605,1.7130640105
Kim loại,ROE (%),0.1025292256,0.1742302343,0.2267589479,0.1679391412
Kim loại,ROA (%),0.0409352569,0.069669991,0.1018145126,0.0864813393
Kim loại,Số ngày thu tiền bình quân,33.4507327551,27.4066373167,22.8135931568,24.8098914275
Kim loại,Số ngày tồn kho bình quân,125.7116332734,139.6386320668,125.1783983919,103.1769383524
Kim loại,Chỉ số thanh toán nhanh,0.5156342524,0.3952791775,0.4569905849,0.4980537642
Kim loại,Số ngày thanh toán bình quân,30.1265965656,38.0605054287,36.8468388301,32.3540487512
Kim loại,Biên lợi nhuận gộp (%),0.1160089133,0.1410794353,0.1627675136,0.1414201597
Kim loại,Biên EBIT (%),0.075529721,0.104208226,0.1203789215,0.0967157818
Kim loại,Biên lợi nhuận ròng (%),0.0384402296,0.0711450444,0.0897653491,0.0704624737
Kim loại,Chỉ số thanh toán hiện thời,1.2327853157,1.0780348461,1.2053080216,1.1289892094
Kim loại,Quay vòng tài sản,1.340135484,1.2025614497,1.3048154432,1.3235390536
Kim loại,(Vay NH + DH)/VCSH,1.2853654071,1.2385522972,1.1342565279,1.2227612478
Kim loại,ROIC (%),0.1496329543,0.1651698226,0.2084053952,0.1602967927
Kim loại,Vòng quay TSCĐ,4.9082573398,3.6901494608,3.9623619066,6.0796316078
Hàng hóa giải trí,Chu kỳ tiền,177.2907191675,88.9820321977,190.5224432715,295.3239759286
Hàng hóa giải trí,Tăng trưởng lợi nhuận (%),-0.5338339739898751,-0.3932373603230892,0.4661913169687385,-0.9191637253720839
Hàng hóa giải trí,Lợi nhuận sau thuế của Cổ đông công ty mẹ,130289922707.0,79055057425.0,115909838759.0,9369719558.0
Hàng hóa giải trí,Tăng trưởng doanh thu (%),-0.7222707930084307,0.3677018988084946,-0.41777572077006,-0.7575382365660892
Hàng hóa giải trí,Doanh thu,1039278309501.0,1421422917295.0,827586933503.0,200658187292.0
Hàng hóa giải trí,Vốn hóa,4930315554000.0,272615131800.0,229446767600.0,397835970000.0
Hàng hóa giải trí,EPS (VND),3346.828183104824,5289.953012765068,7550.666190973817,611.3314596148354
Hàng hóa giải trí,P/E,19.3780338236,4.0641696917,13.5955579321,42.4597521342
Hàng hóa giải trí,P/B,3.8359690739,1.33818165,1.1227802144,1.9858307574
Hàng hóa giải trí,P/S,33.7277993273,0.9594842266,1.8975506901,2.4740556326
Hàng hóa giải trí,P/Cash Flow,287.7634388439,33.8233052871,32.8661397224,-3.9091328112
Hàng hóa giải trí,Số CP lưu hành,38929373.0,14944378.0,15350942.0,15326742.0
Hàng hóa giải trí,EV/EBITDA,1125.4778917878,9.735642247,14.1842113178,17.1243178372
Hàng hóa giải trí,BVPS (VND),33478.6551117584,14411.34137841,14084.3479697858,13869.7597075752
Hàng hóa giải trí,Chỉ số thanh toán tiền mặt,0.3356833173,0.2582027712,0.8430536232,0.3131654662
Hàng hóa giải trí,Nợ/VCSH,0.1368525297,0.8096750747,0.2076397442,1.1235858867
Hàng hóa giải trí,ROE (%),0.0637542799,0.3189492832,0.0815779282,0.0475710784
Hàng hóa giải trí,ROA (%),0.0567970442,0.1827824913,0.05427337,0.0271552019
Hàng hóa giải trí,Số ngày thu tiền bình quân,34.4835288665,62.3639856334,282.2885583012,85.489731989
Hàng hóa giải trí,Số ngày tồn kho bình quân,148.3056215641,56.1495305677,110.4103305176,289.5552303096
Hàng hóa giải trí,Chỉ số thanh toán nhanh,15.5020465492,6.3938602705,6.4104342541,6.7191908267
Hàng hóa giải trí,Số ngày thanh toán bình quân,5.4984312631,29.5314840034,202.1764455473,79.72098637
Hàng hóa giải trí,Biên lợi nhuận gộp (%),0.0377781744,0.2359466871,0.4130316277,0.2820543672
Hàng hóa giải trí,Biên EBIT (%),0.0213058439,0.0817147795,0.0989605339,-0.0036148981
Hàng hóa giải trí,Biên lợi nhuận ròng (%),0.1142801557,0.1474644976,0.1511595115,0.0689819221
Hàng hóa giải trí,Chỉ số thanh toán hiện thời,15.5104343092,6.4836441592,6.9100325262,7.654887464
Hàng hóa giải trí,Quay vòng tài sản,0.503534697,1.8326179787,0.3962397821,0.6092140969
Hàng hóa giải trí,(Vay NH + DH)/VCSH,0.0610912844,0.031927057,0.0,0.5191277295
Hàng hóa giải trí,ROIC (%),0.3356833173,0.2582027712,0.8430536232,0.3131654662
Hàng hóa giải trí,Vòng quay TSCĐ,23.76565,28.29961,9.172396,9.407034
Hàng gia dụng,Chu kỳ tiền,211.8743180184,192.0345488575,212.1281503683,240.0727846843
Hàng gia dụng,Tăng trưởng lợi nhuận (%),0.1707438386233087,-0.12964412085208574,0.009575545647261126,-0.03572544747169705
Hàng gia dụng,Lợi nhuận sau thuế của Cổ đông công ty mẹ,722877589844.0,629160760225.0,635185317804.0,612493038098.0
Hàng gia dụng,Tăng trưởng doanh thu (%),0.053045716615055846,-0.17551055582051445,0.1317516023888467,-0.007401708612096173
Hàng gia dụng,Doanh thu,11254566896740.0,9279271605174.0,10501830508157.0,10424099018842.0
Hàng gia dụng,Vốn hóa,6772837224500.0,3832956463416.0,4569274553567.0,4614457698600.0
Hàng gia dụng,EPS (VND),3551.4668769215955,4017.1753270862746,4035.605369436063,2650.080986737827
Hàng gia dụng,P/E,11.476114546,6.3334134474,7.2021460461,7.5136335812
Hàng gia dụng,P/B,1.6209130368,0.8011789985,0.8881560301,0.7490756746
Hàng gia dụng,P/S,1.3668748399,0.7005199712,0.6154377001,0.6007542035
Hàng gia dụng,P/Cash Flow,-28.9700447644,93.4244516679,-2.7674334046,4.9234528415
Hàng gia dụng,Số CP lưu hành,203543385.0,156617700.0,157395300.0,231122385.0
Hàng gia dụng,EV/EBITDA,8.9586400916,9.3458803243,18.4185718909,7.8218770612
Hàng gia dụng,BVPS (VND),21544.7911126466,30622.3126360941,32768.6461767664,26751.2079056946
Hàng gia dụng,Chỉ số thanh toán tiền mặt,0.1745096243,0.1476856929,0.1318794175,0.2772592052
Hàng gia dụng,Nợ/VCSH,1.6712772148,1.1721822798,1.3225450477,1.2121712338
Hàng gia dụng,ROE (%),0.2137071326,0.191657154,0.1654341688,0.1544960153
Hàng gia dụng,ROA (%),0.0780928539,0.0823226469,0.0693493535,0.0661163966
Hàng gia dụng,Số ngày thu tiền bình quân,129.4988236594,137.814328059,161.1368807819,159.9217483144
Hàng gia dụng,Số ngày tồn kho bình quân,142.6560917595,114.1547190673,103.1049916509,122.8414588607
Hàng gia dụng,Chỉ số thanh toán nhanh,1.4437908112,1.3618869646,1.3846166267,1.616274531
Hàng gia dụng,Số ngày thanh toán bình quân,60.2805974005,59.9344982688,52.1137220645,42.6904224908
Hàng gia dụng,Biên lợi nhuận gộp (%),0.2667341687,0.266242267,0.2382941427,0.2335109322
Hàng gia dụng,Biên EBIT (%),0.0780411626,0.0939011409,0.0755543307,0.0803501867
Hàng gia dụng,Biên lợi nhuận ròng (%),0.0764556028,0.0775930751,0.0640379409,0.0703610061
Hàng gia dụng,Chỉ số thanh toán hiện thời,1.9851979277,1.8444838016,1.7646794661,2.16908518
Hàng gia dụng,Quay vòng tài sản,1.0153699613,1.0248550998,1.0349140142,0.9009117919
Hàng gia dụng,(Vay NH + DH)/VCSH,0.8984065879,0.6419278799,0.8576354733,0.835195451
Hàng gia dụng,ROIC (%),0.1745096243,0.1476856929,0.1318794175,0.2772592052
Hàng gia dụng,Vòng quay TSCĐ,12.7255,14.34615,19.48952,19.42638
Sản xuất Dầu khí,Chu kỳ tiền,25.2415568094,18.5239250806,22.6901443609,21.3087865281
Sản xuất Dầu khí,Tăng trưởng lợi nhuận (%),6.22979131721289,0.6563036575637564,-0.28409854704426585,-0.6735955111635132
Sản xuất Dầu khí,Lợi nhuận sau thuế của Cổ đông công ty mẹ,10159229570695.0,16826769095972.0,12046308444357.0,3931969150147.0
Sản xuất Dầu khí,Tăng trưởng doanh thu (%),0.41412032133314,0.7542663049684005,-0.08920821672196877,0.014197222310127435
Sản xuất Dầu khí,Doanh thu,328068088174494.0,575518792819917.0,524177787622472.0,531619656203379.0
Sản xuất Dầu khí,Vốn hóa,170097370508844.0,104177232322662.0,117641142031360.0,121522636026450.0
Sản xuất Dầu khí,EPS (VND),1879.4866967188757,3113.0006901178963,2228.601717107605,727.4256042926245
Sản xuất Dầu khí,P/E,16.7577835004,6.1799436195,9.7720930045,30.904744813
Sản xuất Dầu khí,P/B,2.3395896851,1.2109413539,1.2556765417,1.3215557765
Sản xuất Dầu khí,P/S,0.5923816013,0.209117744,0.285618609,0.3144199919
Sản xuất Dầu khí,P/Cash Flow,120.8497981735,8.3062738085,4.5337562855,-344.1764829979
Sản xuất Dầu khí,Số CP lưu hành,5405321351.0,5405321351.0,5405321351.0,5405321351.0
Sản xuất Dầu khí,EV/EBITDA,13.9364035186,10.3893655583,10.6448478782,21.5449042561
Sản xuất Dầu khí,BVPS (VND),14246.9121442284,16710.3852628744,18102.7382396786,17813.6782925545
Sản xuất Dầu khí,Chỉ số thanh toán tiền mặt,0.3841318838,0.5398355322,0.4320674735,0.5739716336
Sản xuất Dầu khí,Nợ/VCSH,1.0609666661,1.1324000014,1.1586405402,1.2937631535
Sản xuất Dầu khí,ROE (%),0.1445542576,0.1807700973,0.1309835962,0.0554808717
Sản xuất Dầu khí,ROA (%),0.0737469726,0.1044134728,0.0696606284,0.019376416
Sản xuất Dầu khí,Số ngày thu tiền bình quân,27.0394827462,21.0715256585,26.9933393763,27.4237789248
Sản xuất Dầu khí,Số ngày tồn kho bình quân,30.1725576858,24.7329472326,32.2632987988,32.5275683715
Sản xuất Dầu khí,Chỉ số thanh toán nhanh,1.0685440077,1.1607367815,1.3909693373,1.3090743622
Sản xuất Dầu khí,Số ngày thanh toán bình quân,31.9704836226,27.2805478105,36.5664938142,38.6425607682
Sản xuất Dầu khí,Biên lợi nhuận gộp (%),0.0732625657,0.0658935385,0.059419257,0.0305651131
Sản xuất Dầu khí,Biên EBIT (%),0.0388339917,0.0421481995,0.0314106647,0.0013993887
Sản xuất Dầu khí,Biên lợi nhuận ròng (%),0.0407745086,0.0435887756,0.0347197936,0.0073209135
Sản xuất Dầu khí,Chỉ số thanh toán hiện thời,1.4248119801,1.6456620789,1.8030626295,1.6877121925
Sản xuất Dầu khí,Quay vòng tài sản,2.1510336514,3.3764340227,2.6161504839,2.4563088904
Sản xuất Dầu khí,(Vay NH + DH)/VCSH,0.4075629233,0.3450294268,0.42557822,0.4580264632
Sản xuất Dầu khí,ROIC (%),0.3841318838,0.5398355322,0.4320674735,0.5739716336
Sản xuất Dầu khí,Vòng quay TSCĐ,8.542439,15.98376,14.79698,16.36928
Bảo hiểm nhân thọ,Chu kỳ tiền,58.6752661116,55.5340673569,71.5027350396,76.9820953263
Bảo hiểm nhân thọ,Tăng trưởng lợi nhuận (%),0.12700421124169722,-0.44348037237810706,0.8886061866090695,-0.2795013931944272
Bảo hiểm nhân thọ,Lợi nhuận sau thuế của Cổ đông công ty mẹ,2786953257420.0,1550994189019.0,2929217220776.0,2110496926600.0
Bảo hiểm nhân thọ,Tăng trưởng doanh thu (%),,,,
Bảo hiểm nhân thọ,Doanh thu,,,,
Bảo hiểm nhân thọ,Vốn hóa,45652849986000.0,35965537915800.0,31734298161000.0,39565803321200.0
Bảo hiểm nhân thọ,EPS (VND),3754.3685746649153,2089.3798011278554,3946.0156185860956,2843.098755624312
Bảo hiểm nhân thọ,P/E,24.2559426168,23.5012244409,18.4206522481,18.9743599597
Bảo hiểm nhân thọ,P/B,2.1543970797,1.7631836252,1.4913429574,1.7549734294
Bảo hiểm nhân thọ,P/S,1.2238934292,0.8837052551,0.7926775526,0.9925643646
Bảo hiểm nhân thọ,P/Cash Flow,3.7682601903,3.6838498003,3.9030775028,4.2889318129
Bảo hiểm nhân thọ,Số CP lưu hành,742322764.0,742322764.0,742322764.0,742322764.0
Bảo hiểm nhân thọ,EV/EBITDA,-5.4556689757,-5.8853714034,-3.6967687482,-5.8997420667
Bảo hiểm nhân thọ,BVPS (VND),0.0,0.0,0.0,0.0
Bảo hiểm nhân thọ,Chỉ số thanh toán tiền mặt,0.3775980976,0.1576148478,0.2608013439,0.1253890693
Bảo hiểm nhân thọ,Nợ/VCSH,6.695382845,8.4693573091,8.9655754634,9.6871291078
Bảo hiểm nhân thọ,ROE (%),0.0885305015,0.0706581921,0.0826868281,0.0950294175
Bảo hiểm nhân thọ,ROA (%),0.0120075836,0.0082474277,0.0081479317,0.0088297231
Bảo hiểm nhân thọ,Số ngày thu tiền bình quân,58.6752661116,55.5340673569,71.5027350396,76.9820953263
Bảo hiểm nhân thọ,Số ngày tồn kho bình quân,0.0,0.0,0.0,0.0
Bảo hiểm nhân thọ,Chỉ số thanh toán nhanh,4.5757623929,3.5997168832,3.9619511785,2.9643304153
Bảo hiểm nhân thọ,Số ngày thanh toán bình quân,0.0,0.0,0.0,0.0
Bảo hiểm nhân thọ,Biên lợi nhuận gộp (%),0.0,0.0,0.0,0.0
Bảo hiểm nhân thọ,Biên EBIT (%),-0.1700885278,-0.1548846293,-0.1541043976,-0.1788833226
Bảo hiểm nhân thọ,Biên lợi nhuận ròng (%),0.0543994049,0.0394016289,0.0449057302,0.0541122362
Bảo hiểm nhân thọ,Chỉ số thanh toán hiện thời,4.5822880706,3.6037647384,3.9656373856,2.9667885274
Bảo hiểm nhân thọ,Quay vòng tài sản,0.2331496588,0.2193317835,0.1893458655,0.1687934301
Bảo hiểm nhân thọ,(Vay NH + DH)/VCSH,0.1259195621,0.0503861272,0.1520022161,0.1238047925
Bảo hiểm nhân thọ,ROIC (%),0.3775980976,0.1576148478,0.2608013439,0.1253890693
Bảo hiểm nhân thọ,Vòng quay TSCĐ,0.0,0.0,0.0,0.0
Thiết bị và Phần cứng,Chu kỳ tiền,175.9209653167,153.6590876256,138.9286908292,81.3013151355
Thiết bị và Phần cứng,Tăng trưởng lợi nhuận (%),-0.02161249379799208,-0.8907260835464423,0.9208211965578089,0.9710450987658029
Thiết bị và Phần cứng,Lợi nhuận sau thuế của Cổ đông công ty mẹ,475827527442.0,51995537480.0,99874130518.0,196856415451.0
Thiết bị và Phần cứng,Tăng trưởng doanh thu (%),-0.05390448614007246,-0.2709227382749216,0.013300651660135488,0.38203463638657476
Thiết bị và Phần cứng,Doanh thu,7117593454892.0,5189275546165.0,5258296292573.0,7267147604719.0
Thiết bị và Phần cứng,Vốn hóa,9021472092000.0,3475235317950.0,4852193367380.0,5530992365630.0
Thiết bị và Phần cứng,EPS (VND),989.4354606254293,105.96485994158154,195.96500493874373,373.3218099672579
Thiết bị và Phần cứng,P/E,23.8528843877,60.2115337294,44.3596838015,28.9530309238
Thiết bị và Phần cứng,P/B,1.3688252044,0.6322256209,0.8768861611,0.9700285256
Thiết bị và Phần cứng,P/S,3.203723329,0.915696848,1.4168720714,1.6780471018
Thiết bị và Phần cứng,P/Cash Flow,-8.1479725911,0.9442317214,13.0382704603,187.9212316797
Thiết bị và Phần cứng,Số CP lưu hành,480908100.0,490686606.0,509652887.0,527310246.0
Thiết bị và Phần cứng,EV/EBITDA,1215.6440506862,80.8099725278,50.4971254316,34.0118551497
Thiết bị và Phần cứng,BVPS (VND),14870.8922302873,12685.6993353921,12561.9579793806,12446.0630948673
Thiết bị và Phần cứng,Chỉ số thanh toán tiền mặt,0.5129020816,0.2878025582,0.3316308716,0.4533717073
Thiết bị và Phần cứng,Nợ/VCSH,0.6382907961,0.5968204661,0.5614812354,0.522885949
Thiết bị và Phần cứng,ROE (%),0.040526726,0.0146457324,0.038016141,0.0540977075
Thiết bị và Phần cứng,ROA (%),0.0248210827,0.0090886879,0.0230903685,0.0289734261
Thiết bị và Phần cứng,Số ngày thu tiền bình quân,151.1373899478,119.5203121744,137.9633832382,166.24054129
Thiết bị và Phần cứng,Số ngày tồn kho bình quân,96.7223954091,84.8972879794,79.5598985914,55.7355942425
Thiết bị và Phần cứng,Chỉ số thanh toán nhanh,1.6136916714,1.6032844424,1.4354632448,1.5028653031
Thiết bị và Phần cứng,Số ngày thanh toán bình quân,71.9388200402,50.7585125282,78.5945910004,140.674820397
Thiết bị và Phần cứng,Biên lợi nhuận gộp (%),0.0733032015,0.1034451012,0.1260478313,0.1654889654
Thiết bị và Phần cứng,Biên EBIT (%),-0.008926076,0.0126814883,0.0281652314,0.0670952545
Thiết bị và Phần cứng,Biên lợi nhuận ròng (%),0.0783016349,0.0140827749,0.0430939857,0.0663315954
Thiết bị và Phần cứng,Chỉ số thanh toán hiện thời,1.8828973699,1.978815909,1.7126051379,1.7728513357
Thiết bị và Phần cứng,Quay vòng tài sản,0.4009925628,0.5598552745,0.5636617295,0.6135620116
Thiết bị và Phần cứng,(Vay NH + DH)/VCSH,0.3089767836,0.2582512981,0.1723435792,0.1609609111
Thiết bị và Phần cứng,ROIC (%),0.5129020816,0.2878025582,0.3316308716,0.4533717073
Thiết bị và Phần cứng,Vòng quay TSCĐ,6.007474,11.15454,8.870343,9.94429
Thuốc lá,Chu kỳ tiền,112.6666658132,153.0836934351,133.2524790899,124.7417949459
Thuốc lá,Tăng trưởng lợi nhuận (%),0.43136071952670946,-0.042217312216189365,0.05134268590641493,0.10486206170303043
Thuốc lá,Lợi nhuận sau thuế của Cổ đông công ty mẹ,163206864869.0,156316709699.0,164342429427.0,181575715402.0
Thuốc lá,Tăng trưởng doanh thu (%),0.1057908451548577,0.03872022468234514,0.25274740648806987,0.26136225499861565
Thuốc lá,Doanh thu,3298359224817.0,3426072435085.0,4292003357493.0,5413771033469.0
Thuốc lá,Vốn hóa,1770813510900.0,1119111130450.0,1240126569500.0,1597495025100.0
Thuốc lá,EPS (VND),1541.3156298989547,2535.031175588044,2665.1864849992307,2944.663434639303
Thuốc lá,P/E,12.8785585003,7.0869930388,7.5286046475,8.7464864116
Thuốc lá,P/B,0.8610735414,0.8765898227,0.9359352311,1.1599863462
Thuốc lá,P/S,1.2438574361,0.3556661361,0.4887385512,0.3297067796
Thuốc lá,P/Cash Flow,-32.6366286309,-3.9722765298,9.7918029762,-16.2950639498
Thuốc lá,Số CP lưu hành,105888023.0,61662638.0,61662638.0,61662638.0
Thuốc lá,EV/EBITDA,15.4930787521,3.6187872626,4.0641784097,3.9700534286
Thuốc lá,BVPS (VND),19421.6329621812,19171.4962056602,21488.1049406287,20763.9914603718
Thuốc lá,Chỉ số thanh toán tiền mặt,0.2533288582,0.0716129423,0.2741275012,0.0360656823
Thuốc lá,Nợ/VCSH,0.569469322,0.5941959251,0.7703508103,1.0507683164
Thuốc lá,ROE (%),0.1119192927,0.1484974438,0.1454685433,0.1529626396
Thuốc lá,ROA (%),0.0863475092,0.0990626358,0.0853016384,0.0783446125
Thuốc lá,Số ngày thu tiền bình quân,48.5561677781,41.2021609625,36.3984213516,31.9213766351
Thuốc lá,Số ngày tồn kho bình quân,90.6000242143,138.665122419,130.8299135962,126.5710787411
Thuốc lá,Chỉ số thanh toán nhanh,1.346698725,1.2059822342,0.8371768646,0.685441896
Thuốc lá,Số ngày thanh toán bình quân,26.4895261792,26.7835899464,33.9758558579,33.7506604303
Thuốc lá,Biên lợi nhuận gộp (%),0.121032432,0.135004293,0.1134241006,0.1133019573
Thuốc lá,Biên EBIT (%),0.0627977406,0.0776663308,0.0617778266,0.0618083181
Thuốc lá,Biên lợi nhuận ròng (%),0.0017860474,0.0528762634,0.0624792868,0.0377326801
Thuốc lá,Chỉ số thanh toán hiện thời,3.0392709697,2.8183394892,2.2302266859,1.9803276113
Thuốc lá,Quay vòng tài sản,1.893733774,1.97271494,2.000057064,2.1850532939
Thuốc lá,(Vay NH + DH)/VCSH,0.287225998,0.297881928,0.3307362264,0.6552154434
Thuốc lá,ROIC (%),0.2533288582,0.0716129423,0.2741275012,0.0360656823
Thuốc lá,Vòng quay TSCĐ,35.25827,57.27604,85.40419,49.51165
Ô tô và phụ tùng,Chu kỳ tiền,211.3716182016,188.6637573448,232.4302162244,226.6616453065
Ô tô và phụ tùng,Tăng trưởng lợi nhuận (%),0.02175209450698534,0.25744517120921745,-0.1506366507394152,0.18652714607368168
Ô tô và phụ tùng,Lợi nhuận sau thuế của Cổ đông công ty mẹ,6040837594449.0,7596022063199.0,6451782740656.0,7655215362358.0
Ô tô và phụ tùng,Tăng trưởng doanh thu (%),-0.10666866880684678,0.14626264729923766,-0.02249453160720686,0.05377318612135846
Ô tô và phụ tùng,Doanh thu,22856326963408.0,26199353852613.0,25610011659287.0,26987143582812.0
Ô tô và phụ tùng,Vốn hóa,96533466543976.0,81391221044100.0,81124133918952.0,58278834512952.0
Ô tô và phụ tùng,EPS (VND),2885.290798925086,3450.1375585057385,2892.913363813701,4239.57524607475
Ô tô và phụ tùng,P/E,12.1821001588,7.8249296218,9.4788676839,7.6149205506
Ô tô và phụ tùng,P/B,2.2743842636,1.7578432995,1.6920332314,1.8828873953
Ô tô và phụ tùng,P/S,11.5706082495,7.3795650117,8.9561007345,11.3960991402
Ô tô và phụ tùng,P/Cash Flow,-139.172192402,310.3511346393,584.0355920657,-253.8990385537
Ô tô và phụ tùng,Số CP lưu hành,2093666814.0,2201657741.0,2230202543.0,1805656208.0
Ô tô và phụ tùng,EV/EBITDA,116.9301895275,114.1573620058,1430.377553458,165.1268162212
Ô tô và phụ tùng,BVPS (VND),21893.3989780448,22995.267372855,23243.1920320082,17364.1893157366
Ô tô và phụ tùng,Chỉ số thanh toán tiền mặt,0.2786533728,0.2335422987,0.4729719001,0.2978360133
Ô tô và phụ tùng,Nợ/VCSH,0.4756685997,0.4745913322,0.4075267528,0.3191184028
Ô tô và phụ tùng,ROE (%),0.1940830453,0.2411609872,0.1974810539,0.2691089937
Ô tô và phụ tùng,ROA (%),0.1658134563,0.2051515109,0.1631979233,0.2456450115
Ô tô và phụ tùng,Số ngày thu tiền bình quân,102.0618129736,88.359766251,107.619869117,85.3829606897
Ô tô và phụ tùng,Số ngày tồn kho bình quân,159.4783236151,143.6321406126,172.8851882037,184.7470482706
Ô tô và phụ tùng,Chỉ số thanh toán nhanh,8.6826672697,5.324124076,9.0129859812,12.4147841532
Ô tô và phụ tùng,Số ngày thanh toán bình quân,50.1685183871,43.3281495188,48.0748410963,43.4683636538
Ô tô và phụ tùng,Biên lợi nhuận gộp (%),0.2069239278,0.2283424456,0.2165329704,0.1435124747
Ô tô và phụ tùng,Biên EBIT (%),0.1001482937,0.1148426697,0.0731264092,0.0100343212
Ô tô và phụ tùng,Biên lợi nhuận ròng (%),1.0440870181,1.1056546463,1.1071796617,1.6147809603
Ô tô và phụ tùng,Chỉ số thanh toán hiện thời,9.5393430444,5.9076580443,9.754593652,13.3361050224
Ô tô và phụ tùng,Quay vòng tài sản,0.2301003617,0.3044819233,0.2458937826,0.2638393564
Ô tô và phụ tùng,(Vay NH + DH)/VCSH,0.2636836248,0.2775780537,0.2218841632,0.0872209514
Ô tô và phụ tùng,ROIC (%),0.2786533728,0.2335422987,0.4729719001,0.2978360133
Ô tô và phụ tùng,Vòng quay TSCĐ,2.873781,3.030085,2.953645,6.16714
Phần mềm & Dịch vụ Máy tính,Chu kỳ tiền,30.202316683,-858.748253464,43.4480537409,15169.2646987064
Phần mềm & Dịch vụ Máy tính,Tăng trưởng lợi nhuận (%),0.37811203883048816,0.1590579365118512,0.16695865883266858,-0.02157671291939545
Phần mềm & Dịch vụ Máy tính,Lợi nhuận sau thuế của Cổ đông công ty mẹ,236121513548.0,273678514259.0,319371511951.0,312480524523.0
Phần mềm & Dịch vụ Máy tính,Tăng trưởng doanh thu (%),0.18369248573780367,0.2888231583553117,-0.017785848363437797,0.05499495854140733
Phần mềm & Dịch vụ Máy tính,Doanh thu,5943572748118.0,7660214201144.0,7523970792931.0,7937751254755.0
Phần mềm & Dịch vụ Máy tính,Vốn hóa,7401476221000.0,6197698601600.0,7756291267800.0,8165505274000.0
Phần mềm & Dịch vụ Máy tính,EPS (VND),1824.5083600651742,1600.3312709503728,1517.6035377391531,1348.5354289090476
Phần mềm & Dịch vụ Máy tính,P/E,30.0220858085,21.1079584884,24.3614809893,26.6191840375
Phần mềm & Dịch vụ Máy tính,P/B,3.0569190681,2.3178640466,2.7220136311,2.658277665
Phần mềm & Dịch vụ Máy tính,P/S,39.3406633613,11.6530248763,2.5815823559,2.1920314475
Phần mềm & Dịch vụ Máy tính,P/Cash Flow,51.3559360405,12.2871747684,17.7064007434,10.3424912469
Phần mềm & Dịch vụ Máy tính,Số CP lưu hành,129416515.0,171013664.0,210444628.0,231718439.0
Phần mềm & Dịch vụ Máy tính,EV/EBITDA,-2812.8922471312,-8.3233399792,27.1251302005,22.343417818
Phần mềm & Dịch vụ Máy tính,BVPS (VND),22105.6081493077,19512.8262943714,16806.3648568924,16495.3654359721
Phần mềm & Dịch vụ Máy tính,Chỉ số thanh toán tiền mặt,0.1444423048,0.1252967835,0.1930331694,0.2054832781
Phần mềm & Dịch vụ Máy tính,Nợ/VCSH,1.2708564553,1.271158212,1.2396575001,1.1670673458
Phần mềm & Dịch vụ Máy tính,ROE (%),0.0925477327,0.1024372126,0.126015555,0.1120869924
Phần mềm & Dịch vụ Máy tính,ROA (%),0.0411598962,0.0449608899,0.0446832546,0.0408300583
Phần mềm & Dịch vụ Máy tính,Số ngày thu tiền bình quân,85.0463762815,80.0780959937,79.1079677095,81.3435966754
Phần mềm & Dịch vụ Máy tính,Số ngày tồn kho bình quân,26.0059212492,39.9145416647,16.3000349416,15176.5498154524
Phần mềm & Dịch vụ Máy tính,Chỉ số thanh toán nhanh,1.2189269151,1.2093833407,1.1060541624,1.179971937
Phần mềm & Dịch vụ Máy tính,Số ngày thanh toán bình quân,80.8499808477,978.7408911224,51.9599489102,88.6287134214
Phần mềm & Dịch vụ Máy tính,Biên lợi nhuận gộp (%),0.1836523176,0.2031221927,0.1984955966,0.191568373
Phần mềm & Dịch vụ Máy tính,Biên EBIT (%),0.0375489452,-0.005243101,0.0529563804,0.0543736593
Phần mềm & Dịch vụ Máy tính,Biên lợi nhuận ròng (%),0.0526529302,-0.0240963783,0.056672116,0.0491349713
Phần mềm & Dịch vụ Máy tính,Chỉ số thanh toán hiện thời,1.3865953738,1.2989558709,1.2497899654,1.2912683783
Phần mềm & Dịch vụ Máy tính,Quay vòng tài sản,0.9796456095,1.1435170226,1.0349709909,1.0405341426
Phần mềm & Dịch vụ Máy tính,(Vay NH + DH)/VCSH,0.5475032794,0.4820612266,0.5602015199,0.5111453553
Phần mềm & Dịch vụ Máy tính,ROIC (%),0.1444423048,0.1252967835,0.1930331694,0.2054832781
Phần mềm & Dịch vụ Máy tính,Vòng quay TSCĐ,4.682595,4.276158,3.242607,3.518604
Lâm nghiệp và Giấy,Chu kỳ tiền,237.8336151868,195.442218797,226.0475051916,206.72407503
Lâm nghiệp và Giấy,Tăng trưởng lợi nhuận (%),2.6324443071635453,-0.6464562467295901,-0.41114246372773905,3.7674687785443877
Lâm nghiệp và Giấy,Lợi nhuận sau thuế của Cổ đông công ty mẹ,1559721678214.0,551429856173.0,324713626533.0,1548062076464.0
Lâm nghiệp và Giấy,Tăng trưởng doanh thu (%),0.06550178779410692,0.08490950491983457,-0.20404641277368973,0.06264145702943187
Lâm nghiệp và Giấy,Doanh thu,20124216806767.0,21832954092729.0,17378018129855.0,18466602505793.0
Lâm nghiệp và Giấy,Vốn hóa,34225220897841.0,16911240097020.0,20292907601390.0,19667492053130.0
Lâm nghiệp và Giấy,EPS (VND),1173.1148743457697,399.04563595645976,232.05163288263762,1103.748325071329
Lâm nghiệp và Giấy,P/E,22.0656375015,18.9601592625,20.6952367251,12.8312727439
Lâm nghiệp và Giấy,P/B,2.197902141,1.0918392072,1.3345956637,1.3020554153
Lâm nghiệp và Giấy,P/S,2.7232441288,1.2402460055,1.8022002114,1.9982560409
Lâm nghiệp và Giấy,P/Cash Flow,14.4034254577,26.6861303931,21.7715538558,-14.4351843836
Lâm nghiệp và Giấy,Số CP lưu hành,1329555794.0,1381871662.0,1399316275.0,1402549876.0
Lâm nghiệp và Giấy,EV/EBITDA,58.016547531,47.6600282757,58.9786896865,-84.5953569186
Lâm nghiệp và Giấy,BVPS (VND),11862.4975902375,11347.4944763952,11029.1871710318,11133.1582529005
Lâm nghiệp và Giấy,Chỉ số thanh toán tiền mặt,0.1349266235,0.2558536449,0.1957386735,0.2275458334
Lâm nghiệp và Giấy,Nợ/VCSH,1.5783237621,1.0463420656,1.1844653512,0.8804874338
Lâm nghiệp và Giấy,ROE (%),0.120989861,0.10434104,0.0727002409,0.1046256235
Lâm nghiệp và Giấy,ROA (%),0.0588824232,0.0771730851,0.0518467737,0.0636388996
Lâm nghiệp và Giấy,Số ngày thu tiền bình quân,81.3609457655,55.0660554766,69.9549146772,68.8766434605
Lâm nghiệp và Giấy,Số ngày tồn kho bình quân,205.8070331914,177.6588930444,198.7392802185,175.3736764872
Lâm nghiệp và Giấy,Chỉ số thanh toán nhanh,1.7999123097,2.1150427508,2.7800386652,3.0874183613
Lâm nghiệp và Giấy,Số ngày thanh toán bình quân,49.3343637701,37.282729724,42.6466897041,37.5262449177
Lâm nghiệp và Giấy,Biên lợi nhuận gộp (%),0.2074359921,0.2160498541,0.2149330089,0.2106333895
Lâm nghiệp và Giấy,Biên EBIT (%),0.0639079854,0.0479694156,0.0544644993,0.0288207021
Lâm nghiệp và Giấy,Biên lợi nhuận ròng (%),0.088334167,0.1035232795,0.0927859158,0.1299905896
Lâm nghiệp và Giấy,Chỉ số thanh toán hiện thời,2.8272129422,3.2567039272,3.9288489113,4.2610368561
Lâm nghiệp và Giấy,Quay vòng tài sản,0.7127294043,0.7964696466,0.6452690699,0.6654068965
Lâm nghiệp và Giấy,(Vay NH + DH)/VCSH,0.3390747655,0.3206746258,0.4273934777,0.3662985463
Lâm nghiệp và Giấy,ROIC (%),0.1349266235,0.2558536449,0.1957386735,0.2275458334
Lâm nghiệp và Giấy,Vòng quay TSCĐ,5.595509,7.374251,6.351892,6.877234
Viễn thông cố định,Chu kỳ tiền,5.6665390666,15.6056620616,28.7275858065,29.2163215088
Viễn thông cố định,Tăng trưởng lợi nhuận (%),0.1336684229799734,0.1826359571344069,0.10326836799405809,0.18456857714640293
Viễn thông cố định,Lợi nhuận sau thuế của Cổ đông công ty mẹ,1869224007487.0,2210611523193.0,2438897767462.0,2889041658208.0
Viễn thông cố định,Tăng trưởng doanh thu (%),0.016253526541461966,0.10021018372312017,0.05494094263737243,-0.9024038021292614
Viễn thông cố định,Doanh thu,162949901142059.0,179279140673169.0,189128905656971.0,18458262099574.0
Viễn thông cố định,Vốn hóa,28296952637260.0,19130073955216.0,29209596557868.0,45831864604992.0
Viễn thông cố định,EPS (VND),4920.646078131312,5819.332984330489,4482.910961904815,5310.315459617599
Viễn thông cố định,P/E,15.1339657599,8.657783913,11.9765563557,15.8601692474
Viễn thông cố định,P/B,4.3411702754,2.3054387463,3.0893435892,4.1560636299
Viễn thông cố định,P/S,2.1469154147,1.2470709209,1.7914224782,2.5306729682
Viễn thông cố định,P/Cash Flow,9.6643710581,9.0933462805,9.3031350361,11.6695282378
Viễn thông cố định,Số CP lưu hành,379873695.0,379873695.0,544043321.0,544043321.0
Viễn thông cố định,EV/EBITDA,10.3169824669,7.5854209296,9.5714522392,10.7881351916
Viễn thông cố định,BVPS (VND),17904.7153827116,22675.4399601504,17963.3107381131,20920.2874129375
Viễn thông cố định,Chỉ số thanh toán tiền mặt,0.0345802048,0.1562004381,0.051944557,0.0608166658
Viễn thông cố định,Nợ/VCSH,2.2771869474,1.2998906587,1.2022457129,1.2147088694
Viễn thông cố định,ROE (%),0.3107805724,0.2973618462,0.2873361907,0.2911922836
Viễn thông cố định,ROA (%),0.0963510005,0.1080248712,0.122515172,0.1272448757
Viễn thông cố định,Số ngày thu tiền bình quân,40.3141518821,38.6396694355,41.633632077,38.9392058496
Viễn thông cố định,Số ngày tồn kho bình quân,46.6093093958,48.4094839328,43.4001207403,41.4520551476
Viễn thông cố định,Chỉ số thanh toán nhanh,0.9376694521,0.9138195994,1.0204087837,1.1247817983
Viễn thông cố định,Số ngày thanh toán bình quân,81.2569222113,71.4434913067,56.3061670108,51.1749394884
Viễn thông cố định,Biên lợi nhuận gộp (%),0.469918267,0.4835365078,0.4553804551,0.4690184308
Viễn thông cố định,Biên EBIT (%),0.1696110811,0.1702070721,0.1669913877,0.1872126113
Viễn thông cố định,Biên lợi nhuận ròng (%),0.1480526004,0.1511704499,0.1525177611,0.1620168896
Viễn thông cố định,Chỉ số thanh toán hiện thời,1.0233355415,1.051686523,1.1085072302,1.2335792713
Viễn thông cố định,Quay vòng tài sản,0.6847130757,0.7521279092,0.820414603,0.803044062
Viễn thông cố định,(Vay NH + DH)/VCSH,1.5136783278,0.6411996754,0.6574001314,0.6209855746
Viễn thông cố định,ROIC (%),0.0345802048,0.1562004381,0.051944557,0.0608166658
Viễn thông cố định,Vòng quay TSCĐ,3.51536,3.095958,2.914625,3.142243
Sản xuất thực phẩm,Chu kỳ tiền,660.4613852439,318.4918530024,46.4297445923,40.7312796724
Sản xuất thực phẩm,Tăng trưởng lợi nhuận (%),0.4211023849944285,-0.23855431296258744,0.02188184416281995,0.11555127016950781
Sản xuất thực phẩm,Lợi nhuận sau thuế của Cổ đông công ty mẹ,31556799209967.0,24028788655135.0,24554582863908.0,27391896102315.0
Sản xuất thực phẩm,Tăng trưởng doanh thu (%),0.1148119625186663,-0.054810383789070945,0.02649161168446104,0.049302344645123834
Sản xuất thực phẩm,Doanh thu,336599371569128.0,318150230830264.0,326578543202741.0,342679631093425.0
Sản xuất thực phẩm,Vốn hóa,546783662431892.0,413666586283080.0,462819309164217.0,504195053675679.0
Sản xuất thực phẩm,EPS (VND),4172.023479894447,3018.413028116897,3030.9558616246545,3122.0069619135306
Sản xuất thực phẩm,P/E,17.6049809587,17.6769816718,19.3445626309,18.3786759267
Sản xuất thực phẩm,P/B,3.9966870286,3.0282507369,3.1412600505,3.4732522955
Sản xuất thực phẩm,P/S,2.8589003234,1.9905859439,2.0915836248,2.5109888536
Sản xuất thực phẩm,P/Cash Flow,46.4776001452,6.0231686316,60.5268326957,432.9235543064
Sản xuất thực phẩm,Số CP lưu hành,7563907385.0,7960735801.0,8101267054.0,8773810064.0
Sản xuất thực phẩm,EV/EBITDA,17.847527057,10.1533223081,20.452738703,18.4914551395
Sản xuất thực phẩm,BVPS (VND),20359.2901940035,19570.7547894701,20870.350784588,18973.7889592797
Sản xuất thực phẩm,Chỉ số thanh toán tiền mặt,0.5287801818,0.2629474227,0.3845352698,0.2801376072
Sản xuất thực phẩm,Nợ/VCSH,1.1119048315,1.2577224711,1.1956323634,1.3539767632
Sản xuất thực phẩm,ROE (%),0.2649514813,0.1859342881,0.1911783547,0.2470321607
Sản xuất thực phẩm,ROA (%),0.136289905,0.1095993103,0.1180525757,0.1328523401
Sản xuất thực phẩm,Số ngày thu tiền bình quân,634.8582051457,291.6372387334,20.3390039837,19.5558306923
Sản xuất thực phẩm,Số ngày tồn kho bình quân,62.476494373,69.3858023955,66.0205275558,60.7322108568
Sản xuất thực phẩm,Chỉ số thanh toán nhanh,1.4213591018,1.4009591214,1.581464816,1.2247738608
Sản xuất thực phẩm,Số ngày thanh toán bình quân,36.8733142748,42.5311881265,39.9297869472,39.5567618767
Sản xuất thực phẩm,Biên lợi nhuận gộp (%),0.3212201435,0.3217399376,0.3412489057,0.3583174637
Sản xuất thực phẩm,Biên EBIT (%),0.0541735736,0.0835538743,0.1296869892,0.1496365762
Sản xuất thực phẩm,Biên lợi nhuận ròng (%),-0.0844189963,0.0123537313,0.1303904498,0.1450700199
Sản xuất thực phẩm,Chỉ số thanh toán hiện thời,1.7744276248,1.7167222792,1.8785652337,1.4973849208
Sản xuất thực phẩm,Quay vòng tài sản,1.0208713812,0.9683250114,0.9808506395,0.9982255364
Sản xuất thực phẩm,(Vay NH + DH)/VCSH,0.7290534901,0.7683720546,0.7213088299,0.8408644886
Sản xuất thực phẩm,ROIC (%),0.5287801818,0.2629474227,0.3845352698,0.2801376072
Sản xuất thực phẩm,Vòng quay TSCĐ,4.370749,4.407856,4.653174,5.094131
Bán lẻ,Chu kỳ tiền,58.1827251009,57.1219452771,144.2529138542,50.1587807194
Bán lẻ,Tăng trưởng lợi nhuận (%),0.38451280870911575,-0.11547933684358563,-0.8596870756178868,5.671117027500035
Bán lẻ,Lợi nhuận sau thuế của Cổ đông công ty mẹ,6381871860792.0,5644897530487.0,792052080340.0,5283872119823.0
Bán lẻ,Tăng trưởng doanh thu (%),0.20920776516965728,0.11408835428949428,-0.08213861009806657,0.14392510538197384
Bán lẻ,Doanh thu,198484870552079.0,221129682784729.0,202966397989365.0,232178358208984.0
Bán lẻ,Vốn hóa,151561476310300.0,78316555762100.0,118136982966100.0,128509805055940.0
Bán lẻ,EPS (VND),4385.037566899078,2569.449591624251,355.1584658655649,2403.57165154702
Bán lẻ,P/E,22.4099806408,13.7576694491,150.4324536281,24.2912277209
Bán lẻ,P/B,4.7878016722,2.2648233409,3.4763820657,3.3393930429
Bán lẻ,P/S,1.4092453812,0.6025420024,0.8291745455,0.6717517263
Bán lẻ,P/Cash Flow,442.8382027061,5.9875344188,14.1895525641,10.1215156091
Bán lẻ,Số CP lưu hành,1455374501.0,2196928692.0,2230137126.0,2198341837.0
Bán lẻ,EV/EBITDA,9.6538532554,9.920828923,52.0363483945,16.7767707346
Bán lẻ,BVPS (VND),21930.2434916022,15879.0258378773,15420.114057573,17884.7319852213
Bán lẻ,Chỉ số thanh toán tiền mặt,0.1876143403,0.218758558,0.1942829126,0.2534411629
Bán lẻ,Nợ/VCSH,2.3946868655,1.6014235179,2.5113704401,2.3656134001
Bán lẻ,ROE (%),0.2634502702,0.1844143977,-0.0033207061,0.1588613433
Bán lẻ,ROA (%),0.079007618,0.0671870806,0.0096952806,0.0576022013
Bán lẻ,Số ngày thu tiền bình quân,11.8164751079,7.6428250777,239.1062555199,5.6327621576
Bán lẻ,Số ngày tồn kho bình quân,91.8067217519,89.9888673071,89.26792703,79.8436234467
Bán lẻ,Chỉ số thanh toán nhanh,0.7826210985,0.818778247,0.8860458663,2.1043710342
Bán lẻ,Số ngày thanh toán bình quân,45.4404717589,40.5097471077,184.1212686957,35.3176048849
Bán lẻ,Biên lợi nhuận gộp (%),0.2003974928,0.2299905611,0.1884249472,0.2149549655
Bán lẻ,Biên EBIT (%),0.0248907356,0.0473206973,0.0058504526,0.0341274752
Bán lẻ,Biên lợi nhuận ròng (%),0.0206416719,0.034704328,0.01198086,0.031105273
Bán lẻ,Chỉ số thanh toán hiện thời,1.4143911543,1.7106534697,1.5663556316,2.6590859877
Bán lẻ,Quay vòng tài sản,2.3553456826,2.2890065247,2.1994871198,2.202152119
Bán lẻ,(Vay NH + DH)/VCSH,1.3343497324,0.9268099674,1.747214433,1.5560351084
Bán lẻ,ROIC (%),0.1876143403,0.218758558,0.1942829126,0.2534411629
Bán lẻ,Vòng quay TSCĐ,89.7512,33.43336,33.29817,34.98967
"Thiết bị, Dịch vụ và Phân phối Dầu khí",Chu kỳ tiền,105.6048658457,81.6814058665,85.3707401768,70.608011602
"Thiết bị, Dịch vụ và Phân phối Dầu khí",Tăng trưởng lợi nhuận (%),-0.1779866268864851,0.18192370631590896,0.7282612110378964,0.25492297222858396
"Thiết bị, Dịch vụ và Phân phối Dầu khí",Lợi nhuận sau thuế của Cổ đông công ty mẹ,912410606767.0,1078399726032.0,1863756416495.0,2338870741698.0
"Thiết bị, Dịch vụ và Phân phối Dầu khí",Tăng trưởng doanh thu (%),-0.2446403851909232,0.14137355098428453,0.12288128725288963,0.3382524925962877
"Thiết bị, Dịch vụ và Phân phối Dầu khí",Doanh thu,25908400485372.0,29571163062312.0,33204905644974.0,44436547745811.0
"Thiết bị, Dịch vụ và Phân phối Dầu khí",Vốn hóa,35870046496300.0,26151840927000.0,40806026743662.0,34131774923266.0
"Thiết bị, Dịch vụ và Phân phối Dầu khí",EPS (VND),839.0293390573744,879.312983811128,1481.9873504285015,1859.7799706048988
"Thiết bị, Dịch vụ và Phân phối Dầu khí",P/E,43.4867432074,26.556465547,21.872597317,14.5819290013
"Thiết bị, Dịch vụ và Phân phối Dầu khí",P/B,1.2676881385,0.8909056175,1.3244066069,1.0314627479
"Thiết bị, Dịch vụ và Phân phối Dầu khí",P/S,2.2585730175,1.3661707985,1.8879549554,0.9483306511
"Thiết bị, Dịch vụ và Phân phối Dầu khí",P/Cash Flow,-52.2089641551,-52.469108699,-24.8467900542,6.6903610003
"Thiết bị, Dịch vụ và Phân phối Dầu khí",Số CP lưu hành,1087459716.0,1226411694.0,1257606157.0,1257606157.0
"Thiết bị, Dịch vụ và Phân phối Dầu khí",EV/EBITDA,26.9482787171,17.8221520921,28.3602756103,20.0794033257
"Thiết bị, Dịch vụ và Phân phối Dầu khí",BVPS (VND),27206.0686124018,25008.061185382,25566.8073775636,27791.1543430293
"Thiết bị, Dịch vụ và Phân phối Dầu khí",Chỉ số thanh toán tiền mặt,0.5016080384,0.6045927327,0.6421618794,0.6202297211
"Thiết bị, Dịch vụ và Phân phối Dầu khí",Nợ/VCSH,0.8055321746,0.7954704366,0.7979464132,1.1756804458
"Thiết bị, Dịch vụ và Phân phối Dầu khí",ROE (%),0.0324769077,0.0367186874,0.0651089374,0.1096340076
"Thiết bị, Dịch vụ và Phân phối Dầu khí",ROA (%),0.0158954182,0.017433543,0.0332636351,0.0411539636
"Thiết bị, Dịch vụ và Phân phối Dầu khí",Số ngày thu tiền bình quân,125.7905657733,101.0156027547,92.266562079,77.1659949121
"Thiết bị, Dịch vụ và Phân phối Dầu khí",Số ngày tồn kho bình quân,85.0838032541,61.2452293449,60.0195123817,47.2980461803
"Thiết bị, Dịch vụ và Phân phối Dầu khí",Chỉ số thanh toán nhanh,1.5658194397,1.6848492267,1.7126018062,1.6549997378
"Thiết bị, Dịch vụ và Phân phối Dầu khí",Số ngày thanh toán bình quân,105.2695031817,80.5794262331,66.9153342839,53.8560294904
"Thiết bị, Dịch vụ và Phân phối Dầu khí",Biên lợi nhuận gộp (%),0.0713520378,0.0759706398,0.1376739036,0.119706382
"Thiết bị, Dịch vụ và Phân phối Dầu khí",Biên EBIT (%),-0.0099960004,-0.0040821703,0.0640390306,0.0599868006
"Thiết bị, Dịch vụ và Phân phối Dầu khí",Biên lợi nhuận ròng (%),0.0323952003,0.0154196963,0.0718262803,0.0678016644
"Thiết bị, Dịch vụ và Phân phối Dầu khí",Chỉ số thanh toán hiện thời,1.827627718,1.9325434242,1.9575242364,1.9140492567
"Thiết bị, Dịch vụ và Phân phối Dầu khí",Quay vòng tài sản,0.4879197228,0.5491810759,0.5695902207,0.7138746159
"Thiết bị, Dịch vụ và Phân phối Dầu khí",(Vay NH + DH)/VCSH,0.238963975,0.2363562699,0.2352580209,0.2615598588
"Thiết bị, Dịch vụ và Phân phối Dầu khí",ROIC (%),0.5016080384,0.6045927327,0.6421618794,0.6202297211
"Thiết bị, Dịch vụ và Phân phối Dầu khí",Vòng quay TSCĐ,3.932728,3.92826,4.617482,6.076019
Vận tải,Chu kỳ tiền,22.1516880685,24.0410825018,25.6962517228,18.0399215526
Vận tải,Tăng trưởng lợi nhuận (%),4.892416133338582,0.13881155676406873,-0.33768812468256537,0.5527333792437145
Vận tải,Lợi nhuận sau thuế của Cổ đông công ty mẹ,4339441817462.0,4941806491631.0,3273017124928.0,5082122940712.0
Vận tải,Tăng trưởng doanh thu (%),0.0854798836317532,0.1180309321503178,-0.12224846935955769,0.22801844106276628
Vận tải,Doanh thu,39669677277300.0,44351926264442.0,38929971165466.0,47806722501234.0
Vận tải,Vốn hóa,64642003603185.0,33432516250469.0,41538781993456.0,117636156346558.0
Vận tải,EPS (VND),1908.4338009129494,2176.4213685681607,1433.3362707572326,2149.39162956969
Vận tải,P/E,15.0050155492,6.858203622,12.5915581272,23.1122800829
Vận tải,P/B,4.6216011731,1.7771533979,1.9440297993,4.568561569
Vận tải,P/S,2.5785830702,0.9619477823,1.3412016334,4.666107854
Vận tải,P/Cash Flow,23.5425908286,5.8910738857,8.9110403133,34.800628447
Vận tải,Số CP lưu hành,2273823601.0,2270611088.0,2283495640.0,2364447163.0
Vận tải,EV/EBITDA,11.6282211498,5.3933098608,8.769679791,28.0118384338
Vận tải,BVPS (VND),8625.6336746083,11098.6201694462,12358.2146206997,14117.5820866385
Vận tải,Chỉ số thanh toán tiền mặt,0.3654367658,0.481466302,0.5385844887,0.5003225986
Vận tải,Nợ/VCSH,1.1458514199,0.86256383,0.6819082596,0.708803897
Vận tải,ROE (%),0.2216033034,0.1645319868,0.1199030564,0.1660804668
Vận tải,ROA (%),0.0891525636,0.0912440345,0.0593082552,0.0725722147
Vận tải,Số ngày thu tiền bình quân,46.4723158986,46.7005418187,47.0784142485,37.529156717
Vận tải,Số ngày tồn kho bình quân,23.2366438325,20.3388288412,20.5661822142,16.9334798275
Vận tải,Chỉ số thanh toán nhanh,1.4346950662,1.8787596048,1.9831302553,1.8741545321
Vận tải,Số ngày thanh toán bình quân,47.5572716626,42.9982881581,41.9483447399,36.4227149919
Vận tải,Biên lợi nhuận gộp (%),0.2414469647,0.233504354,0.172978435,0.163647614
Vận tải,Biên EBIT (%),0.1659295316,0.1559264075,0.1001514905,0.0831758873
Vận tải,Biên lợi nhuận ròng (%),0.2031360098,0.1589402593,0.13204623,0.1502334092
Vận tải,Chỉ số thanh toán hiện thời,1.4968126194,1.9793988442,2.0800827247,1.9552802949
Vận tải,Quay vòng tài sản,0.6390804591,0.7616493182,0.6476732205,0.6484826505
Vận tải,(Vay NH + DH)/VCSH,0.4728102666,0.3902982448,0.2853593466,0.2217226621
Vận tải,ROIC (%),0.3654367658,0.481466302,0.5385844887,0.5003225986
Vận tải,Vòng quay TSCĐ,1.958397,2.573399,7.942605,2.579593
